426;Bäckavägen 2 A;Perstorp;Heat, Return temp;67606252;ELV;12031925;CMi2110;07190000355115;NULL;NULL;OK;OK
232;Duvstigen 8C;Perstorp;Heat, Return temp;67190406;ELV;12022564;CMi2110;07190000388838;NULL;NULL;OK;OK
227;Duvstigen 1;Perstorp;Heat, Return temp;68349271;ELV;12046827;CMi2110;0037282172804;NULL;NULL;OK;OK
222;Duvstigen 5;Perstorp;Heat, Return temp;67190503;ELV;12022588;CMi2110;07190000388852;NULL;NULL;OK;OK
001;Bäckavägen 23;Perstorp;Heat, Return temp;5144089;KAM;6021316;CMe2100;07190000494737;NULL;NULL;OK;OK
002;Bäckavägen 19;Perstorp;Heat, Return temp;67714678;ELV;12034434;CMi2110;07190000406945;NULL;NULL;OK;OK
003;Stockholmsvägen 37;Perstorp;Heat, Return temp;69151762;ELV;12102830;CMi2110;0037283535601;NULL;NULL;OK;OK
004;Postgatan 01;Perstorp;Heat, Return temp;5144090;KAM;6015094;CMe2100;07190000361349;NULL;NULL;OK;OK
005;Stockholmsv 33;Perstorp;Heat, Return temp;67606228;ELV;12032010;CMi2110;07190000355051;NULL;NULL;OK;OK
006;Postgatan 08;Perstorp;Heat, Return temp;67714683;ELV;12034441;CMi2110;07190000406952;NULL;NULL;OK;OK
008;Hantvekaregatan 9;Perstorp;Heat, Return temp;67606300;ELV;12032033;CMi2110;07190000355074;NULL;NULL;OK;OK
009;"Allégatan 04   ";Perstorp;Heat, Return temp;67606212;ELV;12031826;CMi2110;07190000355100;NULL;NULL;OK;OK
010;Hantverkareg 05;Perstorp;Heat, Return temp;67606171;ELV;12031160;CMi2110;07190000355097;NULL;NULL;OK;OK
011;Bäckav 3-7;Perstorp;Heat, Return temp;6616232;KAM;6021324;CMe2100;07190000494748;NULL;NULL;OK;OK
012;Järnvägsg 16;Perstorp;Heat, Return temp;67606250;ELV;12031924;CMi2110;07190000355116;NULL;NULL;OK;OK
013;Fasanvägen 06A;Perstorp;Heat, Return temp;6616228;KAM;6021331;CMe2100;07190000494742;NULL;NULL;OK;OK
014;Blåbärsstigen 9A;Perstorp;Heat, Return temp;67841382;ELV;12035361;CMi2110;07190000417061;NULL;NULL;OK;OK
015;Blåbärsstigen 09;Perstorp;Heat, Return temp;67606219;ELV;12031836;CMi2110;07190000355157;NULL;NULL;OK;OK
016;Jättegatan 02;Perstorp;Heat, Return temp;68139995;ELV;12041012;CMi2110;07190000502484;NULL;NULL;OK;OK
019;Järnvägsg 23;Perstorp;Heat, Return temp;67606186;ELV;12031918;CMi2110;07190000355101;NULL;NULL;OK;OK
021;Järnvägsg 02;Perstorp;Heat, Return temp;67606161;ELV;12032041;CMi2110;07190000355076;NULL;NULL;OK;OK
023;Köpmang 07;Perstorp;Heat, Return temp;67714682;ELV;12034438;CMi2110;07190000406949;NULL;NULL;OK;OK
025;Torggatan 19;Perstorp;Heat, Return temp;67970128;ELV;12036898;CMi2110;07190000426237;NULL;NULL;OK;OK
026;Järnvägsg 05;Perstorp;Heat, Return temp;43010;KAM;6021341;CMe2100;07190000494756;NULL;NULL;OK;OK
027;Järnvägsg 13;Perstorp;Heat, Return temp;6894865;KAM;6021328;CMe2100;07190000494751;NULL;NULL;OK;OK
028;Torggatan 13;Perstorp;Heat, Return temp;67804576;ELV;12035257;CMi2110;07190000414867;NULL;NULL;OK;OK
032;Jättegatan 05;Perstorp;Heat, Return temp;68139917;ELV;12041785;CMi2110;07190000502381;NULL;NULL;OK;OK
033;Jättegatan 07;Perstorp;Heat, Return temp;68139923;ELV;12041201;CMi2110;07190000502500;NULL;NULL;OK;OK
034;Jättegatan 21;Perstorp;Heat, Return temp;68139940;ELV;12041057;CMi2110;07190000502442;NULL;NULL;OK;OK
036;Jättegatan 09;Perstorp;Heat, Return temp;68139910;ELV;12041788;CMi2110;07190000502383;NULL;NULL;OK;OK
037;Jättegatan 11;Perstorp;Heat, Return temp;68139925;ELV;12041752;CMi2110;07190000502380;NULL;NULL;OK;OK
038;Jättegatan 13;Perstorp;Heat, Return temp;68139977;ELV;12041041;CMi2110;07190000502445;NULL;NULL;OK;OK
039;Jättegatan 15;Perstorp;Heat, Return temp;68140021;ELV;12041724;CMi2110;07190000502391;NULL;NULL;OK;OK
041;Jättegatan 19;Perstorp;Heat, Return temp;68139918;ELV;12041791;CMi2110;07190000502387;NULL;NULL;OK;OK
042;Jättegatan 25;Perstorp;Heat, Return temp;68139952;ELV;12041048;CMi2110;07190000502457;NULL;NULL;OK;OK
043;Jättegatan 27;Perstorp;Heat, Return temp;68349201;ELV;12046974;CMi2110;0037282172796;NULL;NULL;OK;OK
044;Jättegatan 29;Perstorp;Heat, Return temp;68140017;ELV;12041708;CMi2110;07190000502390;NULL;NULL;OK;OK
045;Jättegatan 31;Perstorp;Heat, Return temp;68140025;ELV;12041004;CMi2110;07190000502482;NULL;NULL;OK;OK
046;Jättegatan 06;Perstorp;Heat, Return temp;68139907;ELV;12041789;CMi2110;07190000502385;NULL;NULL;OK;OK
047;Jättegatan 08;Perstorp;Heat, Return temp;68139919;ELV;12041729;CMi2110;07190000502392;NULL;NULL;OK;OK
048;Jättegatan 10;Perstorp;Heat, Return temp;68139994;ELV;12040998;CMi2110;07190000502481;NULL;NULL;OK;OK
049;Jättegatan 12;Perstorp;Heat, Return temp;68139964;ELV;12040993;CMi2110;07190000502479;NULL;NULL;OK;OK
052;Jättegatan 18;Perstorp;Heat, Return temp;68139967;ELV;12041727;CMi2110;07190000502393;NULL;NULL;OK;OK
053;Jättegatan 20;Perstorp;Heat, Return temp;68139906;ELV;12040996;CMi2110;07190000502461;NULL;NULL;OK;OK
054;Jättegatan 22;Perstorp;Heat, Return temp;68140003;ELV;12041024;CMi2110;07190000502496;NULL;NULL;OK;OK
055;Jättegatan 24;Perstorp;Heat, Return temp;68140042;ELV;12041022;CMi2110;07190000502487;NULL;NULL;OK;OK
056;Jättegatan 26;Perstorp;Heat, Return temp;68140051;ELV;12040994;CMi2110;07190000502480;NULL;NULL;OK;OK
057;Jättegatan 28;Perstorp;Heat, Return temp;67606209;ELV;12031932;CMi2110;07190000355107;NULL;NULL;OK;OK
058;Jättegatan 30;Perstorp;Heat, Return temp;68140019;ELV;12041755;CMi2110;07190000502371;NULL;NULL;OK;OK
059;Sävgatan 06;Perstorp;Heat, Return temp;6616224;KAM;6021317;CMe2100;07190000494753;NULL;NULL;OK;OK
061;Dvärggatan 08;Perstorp;Heat, Return temp;68349331;ELV;12046968;CMi2110;0037282172787;NULL;NULL;OK;OK
062;Stockholmsv 36;Perstorp;Heat, Return temp;67714680;ELV;12034437;CMi2110;07190000406948;NULL;NULL;OK;OK
063;Rydbovägen 03A;Perstorp;Heat, Return temp;67716566;ELV;12034424;CMi2110;07190000406953;NULL;NULL;OK;OK
064;Postgatan 15;Perstorp;Heat, Return temp;67606185;ELV;12031930;CMi2110;07190000355105;NULL;NULL;OK;OK
065;Köpmangatan 15;Perstorp;Heat, Return temp;67714679;ELV;12034425;CMi2110;07190000406954;NULL;NULL;OK;OK
066;Trastvägen 21A;Perstorp;Heat, Return temp;6894869;KAM;6015092;CMe2100;07190000361350;NULL;NULL;OK;OK
067;Fasanvägen 05;Perstorp;Heat, Return temp;6184089;KAM;6016031;CMe2100;07190000361351;NULL;NULL;OK;OK
068;Hökvägen 14;Perstorp;Heat, Return temp;67716564;ELV;12034439;CMi2110;0037283021620;NULL;NULL;OK;OK
069;Hökvägen 06;Perstorp;Heat, Return temp;4873968;KAM;6015098;CMe2100;07190000361353;NULL;NULL;OK;OK
070;Tjäderstigen 10;Perstorp;Heat, Return temp;6184093;KAM;6021320;CMe2100;07190000494739;NULL;NULL;OK;OK
071;Fasanvägen 01;Perstorp;Heat, Return temp;4971425;KAM;6015354;CMe2100;07190000361352;NULL;NULL;OK;OK
072;Allégatan 18;Perstorp;Heat, Return temp;67714681;ELV;12034436;CMi2110;07190000406947;NULL;NULL;OK;OK
073;Tjäderstigen 19;Perstorp;Heat, Return temp;5082373;KAM;6015086;CMe2100;07190000361348;NULL;NULL;OK;OK
075;Trastvägen 61;Perstorp;Heat, Return temp;6699444;KAM;6021327;CMe2100;07190000494743;NULL;NULL;OK;OK
076;Hökvägen 18;Perstorp;Heat, Return temp;4971426;KAM;6015095;CMe2100;07190000361347;NULL;NULL;OK;OK
077;Spjutserödsv 02;Perstorp;Heat, Return temp;68349252;ELV;12051931;CMi2110;0037283013734;NULL;NULL;OK;OK
078;Tjäderstigen 08;Perstorp;Heat, Return temp;6184092;KAM;6021325;CMe2100;07190000494745;NULL;NULL;OK;OK
080;Stockholmsv 14;Perstorp;Heat, Return temp;67714677;ELV;12034435;CMi2110;07190000406946;NULL;NULL;OK;OK
081;Allegatan 17;Perstorp;Heat, Return temp;67969998;ELV;12037314;CMi2110;07190000426107;NULL;NULL;OK;OK
083;Parkvägen 07;Perstorp;Heat, Return temp;67190421;ELV;12022551;CMi2110;07190000388817;NULL;NULL;OK;OK
084;Köpmangatan 09;Perstorp;Heat, Return temp;67841502;ELV;12035374;CMi2110;07190000417046;NULL;NULL;OK;OK
085;Stockholmsv 10;Perstorp;Heat, Return temp;5144087;KAM;6021322;CMe2100;07190000494740;NULL;NULL;OK;OK
087;Köpmangatan 17;Perstorp;Heat, Return temp;67970066;ELV;12037339;CMi2110;07190000426141;NULL;NULL;OK;OK
088;Hässleholmsv 02;Perstorp;Heat, Return temp;69151765;ELV;12102829;CMi2110;0037283535600;NULL;NULL;OK;OK
089;Spjutserödsv 02;Perstorp;Heat, Return temp;4971428;KAM;6015027;CMe2100;07190000361346;NULL;NULL;OK;OK
091;Parkvägen 04;Perstorp;Heat, Return temp;69151763;ELV;12102833;CMi2110;0037283535604;NULL;NULL;OK;OK
092;Oderljungaväg 29;Perstorp;Heat, Return temp;67606195;ELV;12032049;CMi2110;07190000355078;NULL;NULL;OK;OK
093;Blåbärsstigen;Perstorp;Heat, Return temp;67190403;ELV;12022553;CMi2110;07190000388815;NULL;NULL;OK;OK
094;Trastvägen;Perstorp;Heat, Return temp;5144097;KAM;6021323;CMe2100;07190000494749;NULL;NULL;OK;OK
095;Blåbärsstigen 12;Perstorp;Heat, Return temp;67606184;ELV;12031914;CMi2110;07190000355112;NULL;NULL;OK;OK
097;Jättegatan 04;Perstorp;Heat, Return temp;68139916;ELV;12041782;CMi2110;07190000502378;NULL;NULL;OK;OK
098;Bäckavägen 18-22;Perstorp;Heat, Return temp;67606264;ELV;12031864;CMi2110;07190000355147;NULL;NULL;OK;OK
099;Allegatan 11;Perstorp;Heat, Return temp;67841493;ELV;12035297;CMi2110;07190000417023;NULL;NULL;OK;OK
100;Torggatan 05;Perstorp;Heat, Return temp;67606173;ELV;12032030;CMi2110;07190000355055;NULL;NULL;OK;OK
101;Arons väg 03;Perstorp;Heat, Return temp;67804577;LUG;6021321;CMe2100;0037283014283;NULL;NULL;OK;OK
102;Bäckavägen 11;Perstorp;Heat, Return temp;67841374;ELV;12035364;CMi2110;07190000417049;NULL;NULL;OK;OK
103;Snickaregatan;Perstorp;Heat, Return temp;67970016;ELV;12037076;CMi2110;07190000426209;NULL;NULL;OK;OK
104;Oderljungav 36;Perstorp;Heat, Return temp;67606162;ELV;12032003;CMi2110;07190000355040;NULL;NULL;OK;OK
105;Oderljungav/Tjäderst;Perstorp;Heat, Return temp;67841480;ELV;12036143;CMi2110;07190000417142;NULL;NULL;OK;OK
107;Sparvgatan 02;Perstorp;Heat, Return temp;68349320;ELV;12046949;CMi2110;0037282172776;NULL;NULL;OK;OK
108;Sparvgatan 04;Perstorp;Heat, Return temp;68349294;ELV;12046950;CMi2110;0037282172618;NULL;NULL;OK;OK
109;Sparvgatan 06;Perstorp;Heat, Return temp;68349213;ELV;12046883;CMi2110;+37282172760;NULL;NULL;OK;OK
110;Sparvgatan 08;Perstorp;Heat, Return temp;68349329;ELV;12046933;CMi2110;+37282172598;NULL;NULL;OK;OK
111;Sparvgatan 10;Perstorp;Heat, Return temp;68349297;ELV;12046945;CMi2110;0037282172620;NULL;NULL;OK;OK
112;Sparvgatan 12;Perstorp;Heat, Return temp;68349214;ELV;12046863;CMi2110;+37282172740;NULL;NULL;OK;OK
113;Sparvgatan 14;Perstorp;Heat, Return temp;68349295;ELV;12046951;CMi2110;0037282172617;NULL;NULL;OK;OK
114;Sparvgatan 16;Perstorp;Heat, Return temp;68349306;ELV;12046904;CMi2110;0037282172596;NULL;NULL;OK;OK
115;Sparvgatan 18;Perstorp;Heat, Return temp;68349211;ELV;12046864;CMi2110;+37282172741;NULL;NULL;OK;OK
116;Sångvägen 16;Perstorp;Heat, Return temp;67606182;ELV;12031922;CMi2110;07190000355113;NULL;NULL;OK;OK
117;Sångvägen 12;Perstorp;Heat, Return temp;67606287;ELV;12031851;CMi2110;07190000355161;NULL;NULL;OK;OK
118;Sångvägen 19;Perstorp;Heat, Return temp;67606188;ELV;12032046;CMi2110;07190000355086;NULL;NULL;OK;OK
119;Sångvägen 17;Perstorp;Heat, Return temp;67606196;ELV;12031456;CMi2110;07190000355099;NULL;NULL;OK;OK
120;Verkstadsgatan 18;Perstorp;Heat, Return temp;67606202;ELV;12032025;CMi2110;07190000355054;NULL;NULL;OK;OK
121;Torgg-Hantverkareg;Perstorp;Heat, Return temp;67841485;ELV;12035339;CMi2110;07190000417010;NULL;NULL;OK;OK
122;Blåbärsstigen 09;Perstorp;Heat, Return temp;5144092;KAM;6015093;CMe2100;07190000361354;NULL;NULL;OK;OK
123;Blåbärsstigen 09;Perstorp;Heat, Return temp;5144093;KAM;6015038;CMe2100;07190000361345;NULL;NULL;OK;OK
124;Körsbärsvägen 02;Perstorp;Heat, Return temp;67606231;ELV;12031993;CMi2110;07190000355047;NULL;NULL;OK;OK
125;Stockholmsvägen 49;Perstorp;Heat, Return temp;67606243;ELV;12032021;CMi2110;07190000355053;NULL;NULL;OK;OK
126;Torget 02;Perstorp;Heat, Return temp;67190440;ELV;12022340;CMi2110;07190000388936;NULL;NULL;OK;OK
127;Spårvägsgatan 25;Perstorp;Heat, Return temp;67716565;ELV;12034433;CMi2110;07190000406944;NULL;NULL;OK;OK
128;Notvägen 06;Perstorp;Heat, Return temp;67190450;ELV;12022365;CMi2110;07190000389031;NULL;NULL;OK;OK
129;Notvägen 07;Perstorp;Heat, Return temp;68140053;ELV;12041011;CMi2110;07190000502475;NULL;NULL;OK;OK
130;Notvägen 08;Perstorp;Heat, Return temp;68139914;ELV;12041738;CMi2110;07190000502395;NULL;NULL;OK;OK
131;Notvägen 09;Perstorp;Heat, Return temp;68139933;ELV;12041211;CMi2110;07190000502498;NULL;NULL;OK;OK
132;Notvägen 10;Perstorp;Heat, Return temp;68139997;ELV;12040983;CMi2110;07190000502485;NULL;NULL;OK;OK
133;Notvägen 11;Perstorp;Heat, Return temp;68139966;ELV;12041007;CMi2110;07190000502483;NULL;NULL;OK;OK
134;Notvägen 12;Perstorp;Heat, Return temp;68139999;ELV;12041780;CMi2110;07190000502375;NULL;NULL;OK;OK
135;Lärkvägen 06;Perstorp;Heat, Return temp;67190448;ELV;12022574;CMi2110;07190000388849;NULL;NULL;OK;OK
136;Lärkvägen 11;Perstorp;Heat, Return temp;67190451;ELV;12022573;CMi2110;07190000388848;NULL;NULL;OK;OK
137;Notvägen 16;Perstorp;Heat, Return temp;68140041;ELV;12041053;CMi2110;07190000502441;NULL;NULL;OK;OK
138;Lärkvägen 07;Perstorp;Heat, Return temp;67606174;ELV;12032043;CMi2110;07190000355059;NULL;NULL;OK;OK
139;Lärkvägen 04;Perstorp;Heat, Return temp;67190409;ELV;12022565;CMi2110;07190000388836;NULL;NULL;OK;OK
140;Lärkvägen 03;Perstorp;Heat, Return temp;67190506;ELV;12022568;CMi2110;07190000388843;NULL;NULL;OK;OK
141;Duettvägen 06;Perstorp;Heat, Return temp;67606160;ELV;12032063;CMi2110;07190000355072;NULL;NULL;OK;OK
142;Duettvägen 08;Perstorp;Heat, Return temp;68139968;ELV;12041750;CMi2110;07190000502422;NULL;NULL;OK;OK
143;Duettvägen 10;Perstorp;Heat, Return temp;68139961;ELV;12041756;CMi2110;07190000502423;NULL;NULL;OK;OK
144;Lärkvägen 19;Perstorp;Heat, Return temp;67190476;ELV;12022353;CMi2110;07190000388959;NULL;NULL;OK;OK
145;Solovägen 02;Perstorp;Heat, Return temp;68140011;ELV;12041728;CMi2110;07190000502410;NULL;NULL;OK;OK
146;Lärkvägen 25;Perstorp;Heat, Return temp;67190420;ELV;12022543;CMi2110;07190000388808;NULL;NULL;OK;OK
147;Solovägen 07;Perstorp;Heat, Return temp;68140029;ELV;12041717;CMi2110;07190000502417;NULL;NULL;OK;OK
148;Solovägen 08;Perstorp;Heat, Return temp;67841407;ELV;12036159;CMi2110;07190000417127;NULL;NULL;OK;OK
149;Musikvägen 11;Perstorp;Heat, Return temp;67190445;ELV;12022331;CMi2110;07190000388927;NULL;NULL;OK;OK
150;Musikvägen 13;Perstorp;Heat, Return temp;68139944;ELV;12041767;CMi2110;07190000502366;NULL;NULL;OK;OK
151;Musikvägen 17;Perstorp;Heat, Return temp;68139976;ELV;12041751;CMi2110;07190000502424;NULL;NULL;OK;OK
152;Stråkvägen 02;Perstorp;Heat, Return temp;67190471;ELV;12022364;CMi2110;07190000388985;NULL;NULL;OK;OK
153;Stråkvägen 06;Perstorp;Heat, Return temp;68140054;ELV;12041027;CMi2110;07190000502434;NULL;NULL;OK;OK
154;Stråkvägen 07;Perstorp;Heat, Return temp;68140014;ELV;12041051;CMi2110;07190000502431;NULL;NULL;OK;OK
155;Fasanvägen 20;Perstorp;Heat, Return temp;68139924;ELV;12041059;CMi2110;07190000502450;NULL;NULL;OK;OK
156;Stråkvägen 12;Perstorp;Heat, Return temp;67606204;ELV;12032029;CMi2110;07190000355028;NULL;NULL;OK;OK
157;Stråkvägen 15;Perstorp;Heat, Return temp;67606245;ELV;12032017;CMi2110;07190000355052;NULL;NULL;OK;OK
158;Lärkvägen 31;Perstorp;Heat, Return temp;67190483;ELV;12022556;CMi2110;07190000388820;NULL;NULL;OK;OK
159;Lärkvägen 18;Perstorp;Heat, Return temp;68139990;ELV;12041748;CMi2110;07190000502415;NULL;NULL;OK;OK
160;Stråkvägen 17;Perstorp;Heat, Return temp;68140047;ELV;12041046;CMi2110;07190000502439;NULL;NULL;OK;OK
161;Stråkvägen 04;Perstorp;Heat, Return temp;67606288;ELV;12032012;CMi2110;07190000355033;NULL;NULL;OK;OK
162;Lärkvägen 17;Perstorp;Heat, Return temp;67190413;ELV;12022561;CMi2110;07190000388827;NULL;NULL;OK;OK
163;Lärkvägen 08;Perstorp;Heat, Return temp;67190438;ELV;12022591;CMi2110;07190000388861;NULL;NULL;OK;OK
164;Hantverkaregatan 03;Perstorp;Heat, Return temp;67606290;ELV;12031530;CMi2110;07190000355169;NULL;NULL;OK;OK
165;Falkvägen 07;Perstorp;Heat, Return temp;67606177;ELV;12032055;CMi2110;07190000355079;NULL;NULL;OK;OK
166;Solovägen 03;Perstorp;Heat, Return temp;68139980;ELV;12041722;CMi2110;07190000502416;NULL;NULL;OK;OK
167;Hantverkaregatan 01;Perstorp;Heat, Return temp;67606301;ELV;12032048;CMi2110;07190000355069;NULL;NULL;OK;OK
168;Spjutserödsvägen 33;Perstorp;Heat, Return temp;67190486;ELV;12022334;CMi2110;07190000388930;NULL;NULL;OK;OK
169;Notvägen 04;Perstorp;Heat, Return temp;67190404;ELV;12022535;CMi2110;07190000388733;NULL;NULL;OK;OK
170;Musikvägen 03;Perstorp;Heat, Return temp;68140012;ELV;12041753;CMi2110;07190000502363;NULL;NULL;OK;OK
171;Musikvägen 08;Perstorp;Heat, Return temp;68349268;ELV;12046844;CMi2110;0037282172821;NULL;NULL;OK;OK
172;Lärkvägen 10;Perstorp;Heat, Return temp;67190430;ELV;12022547;CMi2110;07190000388810;NULL;NULL;OK;OK
173;Spelvägen 03;Perstorp;Heat, Return temp;68139973;ELV;12041735;CMi2110;07190000502411;NULL;NULL;OK;OK
174;Spelvägen 05;Perstorp;Heat, Return temp;67190407;ELV;12022563;CMi2110;07190000388833;NULL;NULL;OK;OK
175;Spelvägen 16;Perstorp;Heat, Return temp;68140032;ELV;12041730;CMi2110;07190000502402;NULL;NULL;OK;OK
176;Spelvägen 17;Perstorp;Heat, Return temp;68139947;ELV;12041741;CMi2110;07190000502397;NULL;NULL;OK;OK
177;Spelvägen 23;Perstorp;Heat, Return temp;67190479;ELV;12022549;CMi2110;07190000388813;NULL;NULL;OK;OK
178;Spelvägen 39;Perstorp;Heat, Return temp;68139971;ELV;12041766;CMi2110;07190000502356;NULL;NULL;OK;OK
179;Sångvägen 11;Perstorp;Heat, Return temp;68140028;ELV;12041783;CMi2110;07190000502377;NULL;NULL;OK;OK
180;Fasanvägen 24;Perstorp;Heat, Return temp;67190410;ELV;12022562;CMi2110;07190000388831;NULL;NULL;OK;OK
181;Notvägen 30;Perstorp;Heat, Return temp;68139998;ELV;12041771;CMi2110;07190000502367;NULL;NULL;OK;OK
182;Klövergatan 25;Perstorp;Heat, Return temp;68139954;ELV;12041054;CMi2110;07190000502432;NULL;NULL;OK;OK
183;Klövergatan 30;Perstorp;Heat, Return temp;67970143;ELV;12036896;CMi2110;07190000426235;NULL;NULL;OK;OK
184;Stråkvägen 13;Perstorp;Heat, Return temp;67190505;ELV;12022613;CMi2110;07190000388897;NULL;NULL;OK;OK
185;Spelvägen 25;Perstorp;Heat, Return temp;68140026;ELV;12041709;CMi2110;07190000502400;NULL;NULL;OK;OK
186;Duettvägen 03;Perstorp;Heat, Return temp;68139945;ELV;12041776;CMi2110;07190000502360;NULL;NULL;OK;OK
187;Notvägen 32;Perstorp;Heat, Return temp;68140027;ELV;12041002;CMi2110;07190000502472;NULL;NULL;OK;OK
188;Stråkvägen 14;Perstorp;Heat, Return temp;68140040;ELV;12041015;CMi2110;07190000502476;NULL;NULL;OK;OK
189;Spelvägen 09;Perstorp;Heat, Return temp;68140002;ELV;12041758;CMi2110;07190000502354;NULL;NULL;OK;OK
190;Notvägen 15;Perstorp;Heat, Return temp;67190408;ELV;12022554;CMi2110;07190000388821;NULL;NULL;OK;OK
191;Industrigatan 05;Perstorp;Heat, Return temp;67970041;ELV;12037348;CMi2110;07190000426164;NULL;NULL;OK;OK
192;Köpmangatan 25;Perstorp;Heat, Return temp;67841433;ELV;12036127;CMi2110;07190000417085;NULL;NULL;OK;OK
193;Tonvägen 11;Perstorp;Heat, Return temp;68139981;ELV;12041010;CMi2110;07190000502492;NULL;NULL;OK;OK
194;Tonvägen 10;Perstorp;Heat, Return temp;68140015;ELV;12041031;CMi2110;07190000502435;NULL;NULL;OK;OK
195;Tonvägen 08;Perstorp;Heat, Return temp;68140004;ELV;12041008;CMi2110;07190000502491;NULL;NULL;OK;OK
196;Tonvägen 07;Perstorp;Heat, Return temp;68140010;ELV;12041023;CMi2110;07190000502495;NULL;NULL;OK;OK
197;Fasanvägen 36;Perstorp;Heat, Return temp;67190455;ELV;12022571;CMi2110;07190000388850;NULL;NULL;OK;OK
198;Tonvägen 14;Perstorp;Heat, Return temp;68140045;ELV;12041013;CMi2110;07190000502493;NULL;NULL;OK;OK
199;Spelvägen 21;Perstorp;Heat, Return temp;67190411;ELV;12022570;CMi2110;07190000388846;NULL;NULL;OK;OK
200;Klövergatan 10;Perstorp;Heat, Return temp;67970115;ELV;12036885;CMi2110;07190000426241;NULL;NULL;OK;OK
201;Klövergatan 06;Perstorp;Heat, Return temp;67970139;ELV;12036869;CMi2110;07190000426213;NULL;NULL;OK;OK
202;Klövergatan 19;Perstorp;Heat, Return temp;67970137;ELV;12036876;CMi2110;07190000426224;NULL;NULL;OK;OK
203;Klövergatan 08;Perstorp;Heat, Return temp;67970124;ELV;12036872;CMi2110;07190000426228;NULL;NULL;OK;OK
204;Krusbärsvägen 03;Perstorp;Heat, Return temp;67969997;ELV;12036902;CMi2110;07190000426252;NULL;NULL;OK;OK
205;Notvägen 13;Perstorp;Heat, Return temp;68139909;ELV;12041779;CMi2110;07190000502370;NULL;NULL;OK;OK
206;Fasanvägen 17;Perstorp;Heat, Return temp;67970120;ELV;12036884;CMi2110;07190000426240;NULL;NULL;OK;OK
207;Fasanvägen 15;Perstorp;Heat, Return temp;67190436;ELV;12022572;CMi2110;07190000388847;NULL;NULL;OK;OK
208;Örnstigen 06;Perstorp;Heat, Return temp;67190432;ELV;12022550;CMi2110;07190000388814;NULL;NULL;OK;OK
209;Lärkvägen 26;Perstorp;Heat, Return temp;67190502;ELV;12022566;CMi2110;07190000388839;NULL;NULL;OK;OK
210;Lärkvägen 28;Perstorp;Heat, Return temp;67190405;ELV;12022537;CMi2110;07190000388799;NULL;NULL;OK;OK
211;Fasanvägen 19;Perstorp;Heat, Return temp;67970043;ELV;12037088;CMi2110;07190000426201;NULL;NULL;OK;OK
213;Lärkvägen 21;Perstorp;Heat, Return temp;67606199;ELV;12032032;CMi2110;07190000355065;NULL;NULL;OK;OK
214;Lärkvägen 38;Perstorp;Heat, Return temp;67606176;ELV;12032036;CMi2110;07190000355066;NULL;NULL;OK;OK
215;Spjutserödsvägen 57;Perstorp;Heat, Return temp;67190419;ELV;12022552;CMi2110;07190000388816;NULL;NULL;OK;OK
216;Lärkvägen 30;Perstorp;Heat, Return temp;68139972;ELV;12041716;CMi2110;07190000502407;NULL;NULL;OK;OK
217;Fasanvägen 42;Perstorp;Heat, Return temp;67190456;ELV;12022558;CMi2110;07190000388823;NULL;NULL;OK;OK
218;Spelvägen 19;Perstorp;Heat, Return temp;67190508;ELV;12022346;CMi2110;07190000388944;NULL;NULL;OK;OK
219;Oderljungavägen 31;Perstorp;Heat, Return temp;67190509;ELV;12022326;CMi2110;07190000388918;NULL;NULL;OK;OK
220;Duvstigen 22;Perstorp;Heat, Return temp;67190480;ELV;12022559;CMi2110;07190000388824;NULL;NULL;OK;OK
221;Duvstigen 24;Perstorp;Heat, Return temp;67190504;ELV;12022567;CMi2110;07190000388844;NULL;NULL;OK;OK
223;Duvstigen 04;Perstorp;Heat, Return temp;67190437;ELV;12022557;CMi2110;07190000388822;NULL;NULL;OK;OK
224;Duvstigen 28;Perstorp;Heat, Return temp;67190429;ELV;12022536;CMi2110;07190000388796;NULL;NULL;OK;OK
225;Spelvägen 10;Perstorp;Heat, Return temp;67190446;ELV;12022358;CMi2110;07190000388975;NULL;NULL;OK;OK
226;Duvstigen 21;Perstorp;Heat, Return temp;67606183;ELV;12031923;CMi2110;07190000355110;NULL;NULL;OK;OK
228;Spjutserödsvägen 26;Perstorp;Heat, Return temp;68139989;ELV;12041759;CMi2110;07190000502362;NULL;NULL;OK;OK
229;Spjutserödsvägen 42;Perstorp;Heat, Return temp;67190515;ELV;12022333;CMi2110;07190000388929;NULL;NULL;OK;OK
230;Duvstigen 11;Perstorp;Heat, Return temp;68139986;ELV;12041740;CMi2110;07190000502405;NULL;NULL;OK;OK
231;Spjutserödsvägen 09;Perstorp;Heat, Return temp;67970088;ELV;12037091;CMi2110;07190000426184;NULL;NULL;OK;OK
233;Duvstigen 26;Perstorp;Heat, Return temp;67606189;ELV;12032060;CMi2110;07190000355080;NULL;NULL;OK;OK
234;Duvstigen 10;Perstorp;Heat, Return temp;67190452;ELV;12022589;CMi2110;07190000388856;NULL;NULL;OK;OK
235;Spjutserödsvägen 11;Perstorp;Heat, Return temp;67970084;ELV;12037084;CMi2110;07190000426202;NULL;NULL;OK;OK
236;Parkvägen 09;Perstorp;Heat, Return temp;67190460;ELV;12022595;CMi2110;07190000388870;NULL;NULL;OK;OK
237;Solovägen 10;Perstorp;Heat, Return temp;67190414;ELV;12022569;CMi2110;07190000388845;NULL;NULL;OK;OK
238;Spjutserödsvägen 44;Perstorp;Heat, Return temp;67841498;ELV;12035316;CMi2110;07190000417033;NULL;NULL;OK;OK
239;Spjutserödsvägen 46;Perstorp;Heat, Return temp;68139979;ELV;12041747;CMi2110;07190000502420;NULL;NULL;OK;OK
240;Spjutserödsvägen 15;Perstorp;Heat, Return temp;67190467;ELV;12022343;CMi2110;07190000388938;NULL;NULL;OK;OK
241;Spjutserödsvägen 24;Perstorp;Heat, Return temp;67190468;ELV;12022360;CMi2110;07190000388978;NULL;NULL;OK;OK
242;Spjutserödsvägen 27;Perstorp;Heat, Return temp;68139962;ELV;12041773;CMi2110;07190000502359;NULL;NULL;OK;OK
243;Spjutserödsvägen 31;Perstorp;Heat, Return temp;67606291;ELV;12031950;CMi2110;07190000355167;NULL;NULL;OK;OK
244;Spjutserödsvägen 30;Perstorp;Heat, Return temp;67606215;ELV;12031933;CMi2110;07190000355104;NULL;NULL;OK;OK
245;Spjutserödsvägen 52;Perstorp;Heat, Return temp;68140023;ELV;12041719;CMi2110;07190000502408;NULL;NULL;OK;OK
246;Spjutserödsvägen 50;Perstorp;Heat, Return temp;67190462;ELV;12051937;CMi2110;07190000388876;NULL;NULL;OK;OK
247;Spjutserödsvägen 40;Perstorp;Heat, Return temp;68139987;ELV;12041778;CMi2110;07190000502361;NULL;NULL;OK;OK
248;Spjutserödsvägen 20;Perstorp;Heat, Return temp;67190525;ELV;12022339;CMi2110;07190000388935;NULL;NULL;OK;OK
249;Ugglestigen 08;Perstorp;Heat, Return temp;67190514;ELV;12022337;CMi2110;07190000388934;NULL;NULL;OK;OK
250;Ugglestigen 11;Perstorp;Heat, Return temp;67970100;ELV;12036888;CMi2110;07190000426244;NULL;NULL;OK;OK
251;Spjutserödsvägen 16;Perstorp;Heat, Return temp;67190521;ELV;12022323;CMi2110;07190000388915;NULL;NULL;OK;OK
252;Spjutserödsvägen 28;Perstorp;Heat, Return temp;68139982;ELV;12041731;CMi2110;07190000502418;NULL;NULL;OK;OK
253;Spjutserödsvägen 39;Perstorp;Heat, Return temp;67190433;ELV;12022362;CMi2110;07190000388986;NULL;NULL;OK;OK
254;Ugglestigen 04;Perstorp;Heat, Return temp;67970116;ELV;12036883;CMi2110;07190000426245;NULL;NULL;OK;OK
255;Spelvägen 13;Perstorp;Heat, Return temp;67190474;ELV;12022599;CMi2110;07190000388864;NULL;NULL;OK;OK
256;Spjutserödsvägen 21;Perstorp;Heat, Return temp;67970119;ELV;12037101;CMi2110;07190000426175;NULL;NULL;OK;OK
257;Sångvägen 14;Perstorp;Heat, Return temp;67190493;ELV;12022602;CMi2110;07190000388882;NULL;NULL;OK;OK
258;Spjutserödsvägen 48;Perstorp;Heat, Return temp;68139992;ELV;12041033;CMi2110;07190000502427;NULL;NULL;OK;OK
259;Allégatan 15;Perstorp;Heat, Return temp;67841366;ELV;12035376;CMi2110;07190000417044;NULL;NULL;OK;OK
260;Spjutserödsvägen 54;Perstorp;Heat, Return temp;67970079;ELV;12036906;CMi2110;07190000426248;NULL;NULL;OK;OK
261;Porsvägen 15;Perstorp;Heat, Return temp;67190442;ELV;12022332;CMi2110;07190000388928;NULL;NULL;OK;OK
262;Porsvägen 18;Perstorp;Heat, Return temp;67190427;ELV;12022548;CMi2110;07190000388812;NULL;NULL;OK;OK
263;Porsvägen 19;Perstorp;Heat, Return temp;67190458;ELV;12022585;CMi2110;07190000388878;NULL;NULL;OK;OK
264;Porsvägen 20;Perstorp;Heat, Return temp;67190499;ELV;12022317;CMi2110;07190000388903;NULL;NULL;OK;OK
265;Porsvägen 23;Perstorp;Heat, Return temp;67190501;ELV;12022324;CMi2110;07190000388916;NULL;NULL;OK;OK
266;Porsvägen 24;Perstorp;Heat, Return temp;67190470;ELV;12022580;CMi2110;07190000388867;NULL;NULL;OK;OK
267;Porsvägen 25;Perstorp;Heat, Return temp;67190500;ELV;12022318;CMi2110;07190000388901;NULL;NULL;OK;OK
268;Porsvägen 26;Perstorp;Heat, Return temp;67190441;ELV;12022348;CMi2110;07190000388945;NULL;NULL;OK;OK
269;Spelvägen 18;Perstorp;Heat, Return temp;67606178;ELV;12032061;CMi2110;07190000355089;NULL;NULL;OK;OK
270;Porsvägen 28;Perstorp;Heat, Return temp;67190424;ELV;12022544;CMi2110;07190000388805;NULL;NULL;OK;OK
271;Porsvägen 30;Perstorp;Heat, Return temp;67190472;ELV;12022351;CMi2110;07190000388956;NULL;NULL;OK;OK
272;Klockarevägen 03;Perstorp;Heat, Return temp;67606223;ELV;12031861;CMi2110;07190000355162;NULL;NULL;OK;OK
273;Klockarevägen 04;Perstorp;Heat, Return temp;67190519;ELV;12022610;CMi2110;07190000388898;NULL;NULL;OK;OK
274;Klockarevägen 07;Perstorp;Heat, Return temp;67190489;ELV;12022316;CMi2110;07190000388900;NULL;NULL;OK;OK
275;Klockarevägen 09;Perstorp;Heat, Return temp;67190422;ELV;12022534;CMi2110;07190000388794;NULL;NULL;OK;OK
276;Klockarevägen 11;Perstorp;Heat, Return temp;67190454;ELV;12022338;CMi2110;07190000388937;NULL;NULL;OK;OK
277;Klockarevägen 12;Perstorp;Heat, Return temp;67190491;ELV;12022603;CMi2110;07190000388884;NULL;NULL;OK;OK
278;Klockarevägen 15;Perstorp;Heat, Return temp;67190496;ELV;12022601;CMi2110;07190000388881;NULL;NULL;OK;OK
279;Ringarevägen 15;Perstorp;Heat, Return temp;67190522;ELV;12022315;CMi2110;07190000388899;NULL;NULL;OK;OK
280;Ringarevägen 19;Perstorp;Heat, Return temp;67190469;ELV;12022583;CMi2110;07190000388872;NULL;NULL;OK;OK
281;Parkvägen 15;Perstorp;Heat, Return temp;67190465;ELV;12022582;CMi2110;07190000388880;NULL;NULL;OK;OK
282;Parkvägen 17;Perstorp;Heat, Return temp;68349250;ELV;12046938;CMi2110;0037282172611;NULL;NULL;OK;OK
283;Parkvägen 26;Perstorp;Heat, Return temp;67190447;ELV;12022357;CMi2110;07190000388974;NULL;NULL;OK;OK
284;Parkvägen 28;Perstorp;Heat, Return temp;67190444;ELV;12022361;CMi2110;07190000388977;NULL;NULL;OK;OK
285;Parkvägen 35;Perstorp;Heat, Return temp;67606170;ELV;12031835;CMi2110;07190000355093;NULL;NULL;OK;OK
286;Parkvägen 37;Perstorp;Heat, Return temp;67190443;ELV;12022330;CMi2110;07190000388922;NULL;NULL;OK;OK
287;Parkvägen 39;Perstorp;Heat, Return temp;67190490;ELV;12022319;CMi2110;07190000388906;NULL;NULL;OK;OK
288;Parkvägen 43;Perstorp;Heat, Return temp;67190425;ELV;12022533;CMi2110;07190000388732;NULL;NULL;OK;OK
289;Färgarevägen 04;Perstorp;Heat, Return temp;67190412;ELV;12022545;CMi2110;07190000388804;NULL;NULL;OK;OK
290;Färgarevägen 29;Perstorp;Heat, Return temp;67190449;ELV;12022355;CMi2110;07190000388972;NULL;NULL;OK;OK
291;Färgarevägen 31;Perstorp;Heat, Return temp;67190415;ELV;12022541;CMi2110;07190000388802;NULL;NULL;OK;OK
292;Färgarevägen 32;Perstorp;Heat, Return temp;67190485;ELV;12022344;CMi2110;07190000388941;NULL;NULL;OK;OK
293;Färgarevägen 35;Perstorp;Heat, Return temp;67190435;ELV;12022542;CMi2110;07190000388801;NULL;NULL;OK;OK
294;Färgarevägen 36;Perstorp;Heat, Return temp;67190494;ELV;12022356;CMi2110;07190000388973;NULL;NULL;OK;OK
295;Färgarevägen 38;Perstorp;Heat, Return temp;67190481;ELV;12022560;CMi2110;07190000388825;NULL;NULL;OK;OK
296;Färgarevägen 40;Perstorp;Heat, Return temp;67970032;ELV;12037332;CMi2110;07190000426138;NULL;NULL;OK;OK
297;Porsvägen 17;Perstorp;Heat, Return temp;67190461;ELV;12022607;CMi2110;07190000388885;NULL;NULL;OK;OK
298;Parkvägen 18;Perstorp;Heat, Return temp;67606192;ELV;12032034;CMi2110;07190000355083;NULL;NULL;OK;OK
299;Parkvägen 36;Perstorp;Heat, Return temp;67606175;ELV;12032007;CMi2110;07190000355041;NULL;NULL;OK;OK
300;Örnstigen 03;Perstorp;Heat, Return temp;67190520;ELV;12022609;CMi2110;07190000388890;NULL;NULL;OK;OK
301;Musikvägen 09;Perstorp;Heat, Return temp;67190426;ELV;12022555;CMi2110;07190000388819;NULL;NULL;OK;OK
302;Musikvägen 15;Perstorp;Heat, Return temp;67190423;ELV;12022540;CMi2110;07190000388803;NULL;NULL;OK;OK
303;Spjutserödsvägen 32;Perstorp;Heat, Return temp;67190488;ELV;12022611;CMi2110;07190000388894;NULL;NULL;OK;OK
304;Fasanvägen 25;Perstorp;Heat, Return temp;67190459;ELV;12022576;CMi2110;07190000388871;NULL;NULL;OK;OK
305;Klockarevägen 08;Perstorp;Heat, Return temp;67606237;ELV;12032023;CMi2110;07190000355036;NULL;NULL;OK;OK
306;Altvägen 04;Perstorp;Heat, Return temp;68140000;ELV;12041025;CMi2110;07190000502486;NULL;NULL;OK;OK
307;Notvägen 24;Perstorp;Heat, Return temp;67190473;ELV;12022354;CMi2110;07190000388960;NULL;NULL;OK;OK
308;Stockholmsvägen 27;Perstorp;Heat, Return temp;67190464;ELV;12022597;CMi2110;07190000388879;NULL;NULL;OK;OK
309;Notvägen 22;Perstorp;Heat, Return temp;67190484;ELV;12022367;CMi2110;07190000389034;NULL;NULL;OK;OK
310;Porsvägen 07;Perstorp;Heat, Return temp;67606210;ELV;12032066;CMi2110;07190000355064;NULL;NULL;OK;OK
311;Parkvägen 06;Perstorp;Heat, Return temp;67970113;ELV;12037094;CMi2110;07190000426186;NULL;NULL;OK;OK
312;Färgarevägen 09;Perstorp;Heat, Return temp;67190463;ELV;12022349;CMi2110;07190000388954;NULL;NULL;OK;OK
313;Ugglestigen 07;Perstorp;Heat, Return temp;67190518;ELV;12022608;CMi2110;07190000388891;NULL;NULL;OK;OK
314;Parkvägen 12;Perstorp;Heat, Return temp;67190417;ELV;12022538;CMi2110;07190000388797;NULL;NULL;OK;OK
315;Spelvägen 14;Perstorp;Heat, Return temp;68139985;ELV;12041754;CMi2110;07190000502353;NULL;NULL;OK;OK
316;Färgarevägen 28;Perstorp;Heat, Return temp;67606299;ELV;12032011;CMi2110;07190000355042;NULL;NULL;OK;OK
317;Färgarevägen 24;Perstorp;Heat, Return temp;67606187;ELV;12032064;CMi2110;07190000355081;NULL;NULL;OK;OK
318;Färgarevägen 26;Perstorp;Heat, Return temp;67606220;ELV;12031888;CMi2110;07190000355151;NULL;NULL;OK;OK
319;Parkvägen 32;Perstorp;Heat, Return temp;67970027;ELV;12037355;CMi2110;07190000426174;NULL;NULL;OK;OK
320;Färgarevägen 08;Perstorp;Heat, Return temp;67190434;ELV;12022359;CMi2110;07190000388976;NULL;NULL;OK;OK
321;Färgarevägen 22;Perstorp;Heat, Return temp;67606294;ELV;12031867;CMi2110;07190000355163;NULL;NULL;OK;OK
322;Rydbovägen 13;Perstorp;Heat, Return temp;67190453;ELV;12022350;CMi2110;07190000388955;NULL;NULL;OK;OK
323;Porsvägen 16;Perstorp;Heat, Return temp;67190418;ELV;12022500;CMi2110;07190000388731;NULL;NULL;OK;OK
324;Färgarevägen 14;Perstorp;Heat, Return temp;67606307;ELV;12032068;CMi2110;07190000355073;NULL;NULL;OK;OK
325;Färgarevägen 19;Perstorp;Heat, Return temp;67970141;ELV;12036893;CMi2110;07190000426232;NULL;NULL;OK;OK
326;Färgarevägen 15;Perstorp;Heat, Return temp;67970039;ELV;12037328;CMi2110;07190000426134;NULL;NULL;OK;OK
327;Färgarevägen 17;Perstorp;Heat, Return temp;67606284;ELV;12031891;CMi2110;07190000355145;NULL;NULL;OK;OK
328;Färgarevägen 16;Perstorp;Heat, Return temp;67606278;ELV;12031845;CMi2110;07190000355152;NULL;NULL;OK;OK
329;Tjäderstigen 05;Perstorp;Heat, Return temp;67606249;ELV;12031913;CMi2110;07190000355117;NULL;NULL;OK;OK
330;Tjäderstigen 28;Perstorp;Heat, Return temp;67606225;ELV;12031889;CMi2110;07190000355155;NULL;NULL;OK;OK
331;Tjäderstigen 01F;Perstorp;Heat, Return temp;67606218;ELV;12031842;CMi2110;07190000355154;NULL;NULL;OK;OK
332;Tjäderstigen 03;Perstorp;Heat, Return temp;67606267;ELV;12031844;CMi2110;07190000355139;NULL;NULL;OK;OK
333;Tjäderstigen 26;Perstorp;Heat, Return temp;67606276;ELV;12031854;CMi2110;07190000355134;NULL;NULL;OK;OK
334;Tjäderstigen 22;Perstorp;Heat, Return temp;67606283;ELV;12031890;CMi2110;07190000355150;NULL;NULL;OK;OK
335;Tjäderstigen 1E;Perstorp;Heat, Return temp;67606193;ELV;12032065;CMi2110;07190000355090;NULL;NULL;OK;OK
336;Tjäderstigen 07;Perstorp;Heat, Return temp;67606273;ELV;12031834;CMi2110;07190000355137;NULL;NULL;OK;OK
337;Tjäderstigen 20;Perstorp;Heat, Return temp;67606206;ELV;12032051;CMi2110;07190000355087;NULL;NULL;OK;OK
338;Sångvägen 21;Perstorp;Heat, Return temp;67606164;ELV;12032040;CMi2110;07190000355067;NULL;NULL;OK;OK
339;Färgarevägen 25;Perstorp;Heat, Return temp;67606221;ELV;12031885;CMi2110;07190000355156;NULL;NULL;OK;OK
340;Musikvägen 04;Perstorp;Heat, Return temp;67606216;ELV;12031901;CMi2110;07190000355092;NULL;NULL;OK;OK
341;Tjäderstigen 11;Perstorp;Heat, Return temp;67606179;ELV;12031908;CMi2110;07190000355094;NULL;NULL;OK;OK
342;Tjäderstigen 16;Perstorp;Heat, Return temp;67190517;ELV;12022347;CMi2110;07190000388943;NULL;NULL;OK;OK
343;Järnvägsgatan 51;Perstorp;Heat, Return temp;67606269;ELV;12031902;CMi2110;07190000355136;NULL;NULL;OK;OK
344;Järnvägsgatan 49;Perstorp;Heat, Return temp;67606302;ELV;12032044;CMi2110;07190000355068;NULL;NULL;OK;OK
345;Bryggaregatan 04;Perstorp;Heat, Return temp;67606191;ELV;12032038;CMi2110;07190000355084;NULL;NULL;OK;OK
346;Bryggaregatan 02;Perstorp;Heat, Return temp;67841398;ELV;12035326;CMi2110;07190000417066;NULL;NULL;OK;OK
347;Stockholmsvägen 13;Perstorp;Heat, Return temp;67606222;ELV;12031860;CMi2110;07190000355160;NULL;NULL;OK;OK
348;Svarvareliden 28;Perstorp;Heat, Return temp;67606163;ELV;12032062;CMi2110;07190000355063;NULL;NULL;OK;OK
349;Spelvägen 27;Perstorp;Heat, Return temp;67606190;ELV;12032069;CMi2110;07190000355082;NULL;NULL;OK;OK
350;Färgarevägen 13;Perstorp;Heat, Return temp;67841507;ELV;12035366;CMi2110;07190000417057;NULL;NULL;OK;OK
351;Färgarevägen 27;Perstorp;Heat, Return temp;67606298;ELV;12031849;CMi2110;07190000355122;NULL;NULL;OK;OK
352;Klövergatan 21;Perstorp;Heat, Return temp;67606296;ELV;12031995;CMi2110;07190000355029;NULL;NULL;OK;OK
353;Tjäderstigen 24;Perstorp;Heat, Return temp;67190428;ELV;12022539;CMi2110;07190000388795;NULL;NULL;OK;OK
354;Alvägen 14;Perstorp;Heat, Return temp;67841385;ELV;12036160;CMi2110;07190000417126;NULL;NULL;OK;OK
355;Tjäderstigen 12;Perstorp;Heat, Return temp;67606274;ELV;12031863;CMi2110;07190000355130;NULL;NULL;OK;OK
356;Musikvägen 05;Perstorp;Heat, Return temp;67841405;ELV;12036168;CMi2110;07190000417118;NULL;NULL;OK;OK
357;Altvägen 06;Perstorp;Heat, Return temp;67606259;ELV;12031915;CMi2110;07190000355126;NULL;NULL;OK;OK
358;Allégatan 16;Perstorp;Heat, Return temp;67606265;ELV;12031876;CMi2110;07190000355140;NULL;NULL;OK;OK
359;Möllestigen 08;Perstorp;Heat, Return temp;67841495;ELV;12035334;CMi2110;07190000417016;NULL;NULL;OK;OK
360;Trädgårdsgatan 02;Perstorp;Heat, Return temp;67606275;ELV;12031840;CMi2110;07190000355129;NULL;NULL;OK;OK
361;Trädgårdsgatan 04;Perstorp;Heat, Return temp;67606258;ELV;12031865;CMi2110;07190000355133;NULL;NULL;OK;OK
362;Trädgårdsgatan 05;Perstorp;Heat, Return temp;67606257;ELV;12031916;CMi2110;07190000355125;NULL;NULL;OK;OK
363;Trädgårdsgatan 09;Perstorp;Heat, Return temp;67606253;ELV;12031912;CMi2110;07190000355118;NULL;NULL;OK;OK
364;Trädgårdsgatan 10;Perstorp;Heat, Return temp;67606197;ELV;12031994;CMi2110;07190000355038;NULL;NULL;OK;OK
365;Trädgårdsgatan 11;Perstorp;Heat, Return temp;67606251;ELV;12031899;CMi2110;07190000355123;NULL;NULL;OK;OK
366;Järnvägsgatan 06;Perstorp;Heat, Return temp;67841465;ELV;12035337;CMi2110;07190000417012;NULL;NULL;OK;OK
367;Hasselvägen 03;Perstorp;Heat, Return temp;67970003;ELV;12037341;CMi2110;07190000426132;NULL;NULL;OK;OK
368;Hasselvägen 04;Perstorp;Heat, Return temp;67970004;ELV;12037318;CMi2110;07190000426125;NULL;NULL;OK;OK
369;Hasselvägen 05;Perstorp;Heat, Return temp;67606280;ELV;12031852;CMi2110;07190000355135;NULL;NULL;OK;OK
370;Hasselvägen 07;Perstorp;Heat, Return temp;67606224;ELV;12031833;CMi2110;07190000355159;NULL;NULL;OK;OK
371;Hasselvägen 08;Perstorp;Heat, Return temp;67606205;ELV;12032056;CMi2110;07190000355088;NULL;NULL;OK;OK
372;Stensmöllavägen 01;Perstorp;Heat, Return temp;67841412;ELV;12036175;CMi2110;07190000417112;NULL;NULL;OK;OK
373;Stensmöllavägen 03;Perstorp;Heat, Return temp;67841475;ELV;12035331;CMi2110;07190000417020;NULL;NULL;OK;OK
374;Stensmöllavägen 07;Perstorp;Heat, Return temp;67841483;ELV;12035324;CMi2110;07190000417026;NULL;NULL;OK;OK
375;Stockholmsvägen 46;Perstorp;Heat, Return temp;67841387;ELV;12036156;CMi2110;07190000417130;NULL;NULL;OK;OK
376;Stensmöllavägen 11;Perstorp;Heat, Return temp;67970021;ELV;12037361;CMi2110;07190000426157;NULL;NULL;OK;OK
377;Stensmöllavägen 14;Perstorp;Heat, Return temp;67841404;ELV;12036153;CMi2110;07190000417133;NULL;NULL;OK;OK
378;Stensmöllavägen 16;Perstorp;Heat, Return temp;67841408;ELV;12036158;CMi2110;07190000417128;NULL;NULL;OK;OK
379;Stensmöllavägen 18;Perstorp;Heat, Return temp;67970044;ELV;12037114;CMi2110;07190000426183;NULL;NULL;OK;OK
380;Stensmöllavägen 22;Perstorp;Heat, Return temp;67970053;ELV;12037081;CMi2110;07190000426210;NULL;NULL;OK;OK
381;Kamrersvägen 06;Perstorp;Heat, Return temp;67841417;ELV;12036177;CMi2110;07190000417110;NULL;NULL;OK;OK
382;Kamrersvägen 10;Perstorp;Heat, Return temp;67970031;ELV;12036903;CMi2110;07190000426251;NULL;NULL;OK;OK
383;Kamrersvägen 12;Perstorp;Heat, Return temp;67841463;ELV;12035350;CMi2110;07190000417072;NULL;NULL;OK;OK
384;Ingenjörsvägen 03;Perstorp;Heat, Return temp;67841415;ELV;12036176;CMi2110;07190000417111;NULL;NULL;OK;OK
385;Ingenjörsvägen 10;Perstorp;Heat, Return temp;67970061;ELV;12037372;CMi2110;07190000426171;NULL;NULL;OK;OK
386;Skrivarevägen 05;Perstorp;Heat, Return temp;67970111;ELV;12037369;CMi2110;07190000426172;NULL;NULL;OK;OK
387;Skrivarevägen 06;Perstorp;Heat, Return temp;67841446;ELV;12036140;CMi2110;07190000417073;NULL;NULL;OK;OK
388;Skrivarevägen 19;Perstorp;Heat, Return temp;67970056;ELV;12037359;CMi2110;07190000426147;NULL;NULL;OK;OK
389;Skrivarevägen 24;Perstorp;Heat, Return temp;68139957;ELV;12041050;CMi2110;07190000502448;NULL;NULL;OK;OK
390;Röstångavägen 06;Perstorp;Heat, Return temp;67606233;ELV;12031998;CMi2110;07190000355048;NULL;NULL;OK;OK
391;Ekorrstigen 01;Perstorp;Heat, Return temp;67841397;ELV;12035359;CMi2110;07190000417052;NULL;NULL;OK;OK
392;Järnvägsgatan 08;Perstorp;Heat, Return temp;67841432;ELV;12036116;CMi2110;07190000417096;NULL;NULL;OK;OK
393;"Röstångavägen 24  ";Perstorp;Heat, Return temp;67841393;ELV;12035377;CMi2110;07190000417043;NULL;NULL;OK;OK
394;"Röstångavägen 26  ";Perstorp;Heat, Return temp;67970042;ELV;12037106;CMi2110;07190000426182;NULL;NULL;OK;OK
395;Järnvägsgatan 10;Perstorp;Heat, Return temp;67841488;ELV;12035317;CMi2110;07190000417032;NULL;NULL;OK;OK
396;Hyttmästarevägen 11;Perstorp;Heat, Return temp;67970081;ELV;12037333;CMi2110;07190000426121;NULL;NULL;OK;OK
397;Ritarevägen 05;Perstorp;Heat, Return temp;67970047;ELV;12037358;CMi2110;07190000426151;NULL;NULL;OK;OK
398;Järnvägsgatan 19;Perstorp;Heat, Return temp;67606239;ELV;12032004;CMi2110;07190000355031;NULL;NULL;OK;OK
399;Ritarevägen 07;Perstorp;Heat, Return temp;67970040;ELV;12037408;CMi2110;07190000426155;NULL;NULL;OK;OK
400;Trädgårdsgatan 07;Perstorp;Heat, Return temp;67970108;ELV;12037077;CMi2110;07190000426206;NULL;NULL;OK;OK
401;Industrigatan 03;Perstorp;Heat, Return temp;68349302;ELV;12046903;CMi2110;0037282172597;NULL;NULL;OK;OK
403;Parkvägen 34;Perstorp;Heat, Return temp;67190512;ELV;12022336;CMi2110;07190000388933;NULL;NULL;OK;OK
404;Spelvägen 33;Perstorp;Heat, Return temp;67841369;ELV;12036155;CMi2110;07190000417131;NULL;NULL;OK;OK
405;Blåbärsstigen 06;Perstorp;Heat, Return temp;67606260;ELV;12031862;CMi2110;07190000355131;NULL;NULL;OK;OK
406;Parkvägen 24;Perstorp;Heat, Return temp;67841466;ELV;12035926;CMi2110;07190000417146;NULL;NULL;OK;OK
407;Färgarevägen 21;Perstorp;Heat, Return temp;67841436;ELV;12036178;CMi2110;07190000417109;NULL;NULL;OK;OK
408;Hyttmästarevägen 07;Perstorp;Heat, Return temp;67970089;ELV;12037092;CMi2110;07190000426185;NULL;NULL;OK;OK
409;Järnvägsgatan 21;Perstorp;Heat, Return temp;67190431;ELV;12022546;CMi2110;07190000388809;NULL;NULL;OK;OK
410;Parkvägen 20;Perstorp;Heat, Return temp;67841438;ELV;12036109;CMi2110;07190000417103;NULL;NULL;OK;OK
411;Parkvägen 29;Perstorp;Heat, Return temp;67841418;ELV;12036114;CMi2110;07190000417098;NULL;NULL;OK;OK
412;Skrivarevägen 17;Perstorp;Heat, Return temp;67841402;ELV;12036166;CMi2110;07190000417120;NULL;NULL;OK;OK
414;Tjäderstigen 30;Perstorp;Heat, Return temp;67606266;ELV;12031872;CMi2110;07190000355141;NULL;NULL;OK;OK
415;Kamrersgatan 08;Perstorp;Heat, Return temp;67606165;ELV;12032058;CMi2110;07190000355062;NULL;NULL;OK;OK
416;Lärkvägen 23;Perstorp;Heat, Return temp;67841406;ELV;12036167;CMi2110;07190000417119;NULL;NULL;OK;OK
417;Industrigatan 08;Perstorp;Heat, Return temp;67841469;ELV;12035929;CMi2110;07190000417148;NULL;NULL;OK;OK
418;Industrigatan 10;Perstorp;Heat, Return temp;67606293;ELV;12032013;CMi2110;07190000355024;NULL;NULL;OK;OK
419;Industrigatan 16;Perstorp;Heat, Return temp;67606277;ELV;12031893;CMi2110;07190000355148;NULL;NULL;OK;OK
420;Torggatan 15;Perstorp;Heat, Return temp;67606262;ELV;12031841;CMi2110;07190000355132;NULL;NULL;OK;OK
421;Hantverkaregatan 14;Perstorp;Heat, Return temp;67606261;ELV;12031896;CMi2110;07190000355128;NULL;NULL;OK;OK
422;Hantverkaregatan 16;Perstorp;Heat, Return temp;67970082;ELV;12037315;CMi2110;07190000426122;NULL;NULL;OK;OK
423;Hantverkaregatan 18;Perstorp;Heat, Return temp;67606256;ELV;12031917;CMi2110;07190000355124;NULL;NULL;OK;OK
424;Rydbovägen 11;Perstorp;Heat, Return temp;67606248;ELV;12031928;CMi2110;07190000355114;NULL;NULL;OK;OK
425;Hantverkaregatan 23;Perstorp;Heat, Return temp;67606217;ELV;12031892;CMi2110;07190000355149;NULL;NULL;OK;OK
427;Bäckavägen 02B;Perstorp;Heat, Return temp;67606295;ELV;12031895;CMi2110;07190000355119;NULL;NULL;OK;OK
428;Bäckavägen 04;Perstorp;Heat, Return temp;67841401;ELV;12036165;CMi2110;07190000417121;NULL;NULL;OK;OK
429;Notvägen 02;Perstorp;Heat, Return temp;67606255;ELV;12031920;CMi2110;07190000355127;NULL;NULL;OK;OK
430;Spjutserödsvägen 08;Perstorp;Heat, Return temp;67606247;ELV;12031897;CMi2110;07190000355120;NULL;NULL;OK;OK
431;Klövergatan 23;Perstorp;Heat, Return temp;67606268;ELV;12031874;CMi2110;07190000355142;NULL;NULL;OK;OK
432;Järnvägsgatan 17;Perstorp;Heat, Return temp;67841455;ELV;12036118;CMi2110;07190000417094;NULL;NULL;OK;OK
433;Stensmöllavägen 17;Perstorp;Heat, Return temp;67841457;ELV;12036125;CMi2110;07190000417087;NULL;NULL;OK;OK
434;Musikvägen 07;Perstorp;Heat, Return temp;67841452;ELV;12035323;CMi2110;07190000417027;NULL;NULL;OK;OK
435;Parkvägen 01;Perstorp;Heat, Return temp;67841429;ELV;12046966;CMi2110;0037282172790;NULL;NULL;OK;OK
436;Industrigatan 15;Perstorp;Heat, Return temp;67841472;ELV;12035319;CMi2110;07190000417030;NULL;NULL;OK;OK
437;Duettvägen 04;Perstorp;Heat, Return temp;67841419;ELV;12036111;CMi2110;07190000417101;NULL;NULL;OK;OK
438;Spjutserödsvägen 7;Perstorp;Heat, Return temp;67841487;ELV;12035340;CMi2110;07190000417009;NULL;NULL;OK;OK
439;Duettvägen 05;Perstorp;Heat, Return temp;67841439;ELV;12036126;CMi2110;07190000417086;NULL;NULL;OK;OK
440;Allégatan 13;Perstorp;Heat, Return temp;67841456;ELV;12036134;CMi2110;07190000417080;NULL;NULL;OK;OK
441;Hyttmästarevägen 12;Perstorp;Heat, Return temp;67841500;ELV;12035373;CMi2110;07190000417047;NULL;NULL;OK;OK
442;Alvägen 35;Perstorp;Heat, Return temp;67841414;ELV;12036174;CMi2110;07190000417113;NULL;NULL;OK;OK
443;Porsvägen 05;Perstorp;Heat, Return temp;67841441;ELV;12036122;CMi2110;07190000417090;NULL;NULL;OK;OK
444;Ingenjörsvägen 12;Perstorp;Heat, Return temp;67841468;ELV;12036142;CMi2110;07190000417143;NULL;NULL;OK;OK
445;Industrigatan 13;Perstorp;Heat, Return temp;67841471;ELV;12035346;CMi2110;07190000417003;NULL;NULL;OK;OK
446;Parkvägen 19;Perstorp;Heat, Return temp;67841478;ELV;12035327;CMi2110;07190000417024;NULL;NULL;OK;OK
447;"Klövergatan 14 ";Perstorp;Heat, Return temp;67841494;ELV;12035328;CMi2110;07190000417017;NULL;NULL;OK;OK
448;Järnvägsgatan 09;Perstorp;Heat, Return temp;67841506;ELV;12035931;CMi2110;07190000417150;NULL;NULL;OK;OK
449;Rydbovägen 07;Perstorp;Heat, Return temp;67190498;ELV;12022320;CMi2110;07190000388909;NULL;NULL;OK;OK
450;Ingenjörsvägen 07;Perstorp;Heat, Return temp;67841464;ELV;12035332;CMi2110;07190000417019;NULL;NULL;OK;OK
451;Ingenjörsvägen 05;Perstorp;Heat, Return temp;67841462;ELV;12035368;CMi2110;07190000417054;NULL;NULL;OK;OK
452;Stensmöllavägen 20;Perstorp;Heat, Return temp;67970015;ELV;12037102;CMi2110;07190000426190;NULL;NULL;OK;OK
453;Skrivarevägen 02;Perstorp;Heat, Return temp;67970012;ELV;12036879;CMi2110;07190000426221;NULL;NULL;OK;OK
454;Skrivarevägen 04;Perstorp;Heat, Return temp;68349190;ELV;12046889;CMi2110;0037282172765;NULL;NULL;OK;OK
455;Ritarevägen 03;Perstorp;Heat, Return temp;67970085;ELV;12037108;CMi2110;07190000426176;NULL;NULL;OK;OK
456;Kolaregatan 06;Perstorp;Heat, Return temp;67841460;ELV;12035382;CMi2110;07190000417038;NULL;NULL;OK;OK
457;Röstångavägen 22;Perstorp;Heat, Return temp;67190511;ELV;12022327;CMi2110;07190000388919;NULL;NULL;OK;OK
458;Skrivarevägen 22;Perstorp;Heat, Return temp;67841449;ELV;12035329;CMi2110;07190000417022;NULL;NULL;OK;OK
459;Eldarevägen 10;Perstorp;Heat, Return temp;67841491;ELV;12035335;CMi2110;07190000417015;NULL;NULL;OK;OK
460;Hyttmästarevägen 05;Perstorp;Heat, Return temp;67970034;ELV;12036905;CMi2110;07190000426249;NULL;NULL;OK;OK
461;Hyttmästarevägen 03;Perstorp;Heat, Return temp;67841496;ELV;12035321;CMi2110;07190000417028;NULL;NULL;OK;OK
462;Körsbärsvägen 03;Perstorp;Heat, Return temp;67841451;ELV;12035383;CMi2110;07190000417037;NULL;NULL;OK;OK
463;Torggatan 10;Perstorp;Heat, Return temp;67841490;ELV;12035315;CMi2110;07190000417034;NULL;NULL;OK;OK
464;Ängsvägen 05;Perstorp;Heat, Return temp;67841444;ELV;12036123;CMi2110;07190000417089;NULL;NULL;OK;OK
465;Stråkvägen 09;Perstorp;Heat, Return temp;67841428;ELV;12036135;CMi2110;07190000417078;NULL;NULL;OK;OK
466;Parkvägen 54;Perstorp;Heat, Return temp;68349283;ELV;12046840;CMi2110;0037282172817;NULL;NULL;OK;OK
467;Parkvägen 48;Perstorp;Heat, Return temp;68349289;ELV;12046846;CMi2110;0037282172823;NULL;NULL;OK;OK
468;Parkvägen 44;Perstorp;Heat, Return temp;68349226;ELV;12046860;CMi2110;0037282172737;NULL;NULL;OK;OK
469;Jeans väg 19;Perstorp;Heat, Return temp;67190475;ELV;12022352;CMi2110;0037282074996;NULL;NULL;OK;OK
470;Jeans väg 35;Perstorp;Heat, Return temp;68349305;ELV;12046914;CMi2110;0037282172594;NULL;NULL;OK;OK
471;Jeans väg 21;Perstorp;Heat, Return temp;68139934;ELV;12041061;CMi2110;07190000502460;NULL;NULL;OK;OK
472;Parkvägen 57;Perstorp;Heat, Return temp;68349285;ELV;12046839;CMi2110;0037282172816;NULL;NULL;OK;OK
473;Jeans väg 30;Perstorp;Heat, Return temp;67606304;ELV;12032001;CMi2110;07190000355021;NULL;NULL;OK;OK
474;Jeans väg 49;Perstorp;Heat, Return temp;68349276;ELV;12046868;CMi2110;0037282172745;NULL;NULL;OK;OK
475;Svampvägen 15;Perstorp;Heat, Return temp;68349326;ELV;12046389;CMi2110;+37282172576;NULL;NULL;OK;OK
476;Rydbovägen 26;Perstorp;Heat, Return temp;67841503;ELV;12035347;CMi2110;07190000417002;NULL;NULL;OK;OK
477;Svampvägen 13;Perstorp;Heat, Return temp;67841378;ELV;12035355;CMi2110;07190000417068;NULL;NULL;OK;OK
478;Jeans väg 17;Perstorp;Heat, Return temp;68349223;ELV;12046884;CMi2110;0037282172761;NULL;NULL;OK;OK
479;Jeans väg 25;Perstorp;Heat, Return temp;68349264;ELV;12046895;CMi2110;0037282172771;NULL;NULL;OK;OK
480;Jeans väg 07;Perstorp;Heat, Return temp;68349227;ELV;12046858;CMi2110;0037282172735;NULL;NULL;OK;OK
481;Parkvägen 63;Perstorp;Heat, Return temp;67606238;ELV;12032018;CMi2110;07190000355026;NULL;NULL;OK;OK
482;Jeans väg 02;Perstorp;Heat, Return temp;67606281;ELV;12032008;CMi2110;07190000355032;NULL;NULL;OK;OK
483;"Jeans väg 04 ";Perstorp;Heat, Return temp;67606271;ELV;12018275;CMi2110;07190000436534;NULL;NULL;OK;OK
484;Jeans väg 29;Perstorp;Heat, Return temp;68349241;ELV;12046855;CMi2110;0037282172732;NULL;NULL;OK;OK
485;Parkvägen 52;Perstorp;Heat, Return temp;68349318;ELV;12046930;CMi2110;0037282172607;NULL;NULL;OK;OK
486;Jeans väg 08;Perstorp;Heat, Return temp;68349225;ELV;12046867;CMi2110;0037282172744;NULL;NULL;OK;OK
487;Jeans väg 18;Perstorp;Heat, Return temp;68349229;ELV;12046869;CMi2110;0037282172746;NULL;NULL;OK;OK
488;Jeans väg 22;Perstorp;Heat, Return temp;67606166;ELV;12032037;CMi2110;0037282073506;NULL;NULL;OK;OK
489;Jeans väg 43;Perstorp;Heat, Return temp;68349267;ELV;12046852;CMi2110;0037282172729;NULL;NULL;OK;OK
490;Svampvägen 11;Perstorp;Heat, Return temp;68349324;ELV;12046960;CMi2110;0037282172798;NULL;NULL;OK;OK
491;Jeans väg 26;Perstorp;Heat, Return temp;67190527;ELV;12022345;CMi2110;07190000388942;NULL;NULL;OK;OK
492;Parkvägen 61;Perstorp;Heat, Return temp;68349270;ELV;12046825;CMi2110;0037282172802;NULL;NULL;OK;OK
493;Parkvägen 56;Perstorp;Heat, Return temp;67606240;ELV;12032016;CMi2110;07190000355034;NULL;NULL;OK;OK
494;Parkvägen 42;Perstorp;Heat, Return temp;68349284;ELV;12046835;CMi2110;0037282172812;NULL;NULL;OK;OK
495;Jeans väg 37;Perstorp;Heat, Return temp;68349266;ELV;12046886;CMi2110;0037282172763;NULL;NULL;OK;OK
496;Jeans väg 45;Perstorp;Heat, Return temp;68349263;ELV;12046894;CMi2110;0037282172770;NULL;NULL;OK;OK
497;Jeans väg 20;Perstorp;Heat, Return temp;68349221;ELV;12046885;CMi2110;0037282172762;NULL;NULL;OK;OK
498;Jeans väg 51;Perstorp;Heat, Return temp;68349228;ELV;12046859;CMi2110;0037282172736;NULL;NULL;OK;OK
499;Jeans väg 39;Perstorp;Heat, Return temp;68349265;ELV;12046897;CMi2110;0037282172773;NULL;NULL;OK;OK
500;Jeans väg 24;Perstorp;Heat, Return temp;68349269;ELV;12046887;CMi2110;0037282172764;NULL;NULL;OK;OK
501;Jeans väg 47;Perstorp;Heat, Return temp;68349224;ELV;12046877;CMi2110;0037282172754;NULL;NULL;OK;OK
502;Jeans väg 53;Perstorp;Heat, Return temp;68349230;ELV;12046856;CMi2110;0037282172733;NULL;NULL;OK;OK
503;Jeans väg 01;Perstorp;Heat, Return temp;68139948;ELV;12041037;CMi2110;07190000502453;NULL;NULL;OK;OK
504;Musikvägen 12;Perstorp;Heat, Return temp;67841504;ELV;12035930;CMi2110;07190000417149;NULL;NULL;OK;OK
505;Musikvägen 01;Perstorp;Heat, Return temp;67841373;ELV;12036151;CMi2110;07190000417135;NULL;NULL;OK;OK
506;Stråkvägen 11;Perstorp;Heat, Return temp;67841370;ELV;12036152;CMi2110;07190000417134;NULL;NULL;OK;OK
507;Musikvägen 02;Perstorp;Heat, Return temp;67841440;ELV;12036132;CMi2110;07190000417081;NULL;NULL;OK;OK
508;Verkstadsgatan 20;Perstorp;Heat, Return temp;67716567;ELV;12034440;CMi2110;07190000406951;NULL;NULL;OK;OK
509;Solovägen 09;Perstorp;Heat, Return temp;67841389;ELV;12036170;CMi2110;07190000417116;NULL;NULL;OK;OK
510;Parkvägen 16;Perstorp;Heat, Return temp;67841453;ELV;12035313;CMi2110;07190000417036;NULL;NULL;OK;OK
511;Duettvägen 07;Perstorp;Heat, Return temp;67841424;ELV;12036119;CMi2110;07190000417093;NULL;NULL;OK;OK
512;Järnvägsgatan 45;Perstorp;Heat, Return temp;67841499;ELV;12035330;CMi2110;07190000417021;NULL;NULL;OK;OK
513;Lärkvägen 33;Perstorp;Heat, Return temp;67841435;ELV;12036113;CMi2110;07190000417099;NULL;NULL;OK;OK
514;Stockholmsvägen 22;Perstorp;Heat, Return temp;67841509;ELV;12035322;CMi2110;07190000417014;NULL;NULL;OK;OK
515;Klockarevägen 10;Perstorp;Heat, Return temp;67841422;ELV;12036105;CMi2110;07190000417107;NULL;NULL;OK;OK
516;Järnvägsgatan 47;Perstorp;Heat, Return temp;67841481;ELV;12036148;CMi2110;07190000417139;NULL;NULL;OK;OK
517;Lärkvägen 35;Perstorp;Heat, Return temp;67841371;ELV;12036144;CMi2110;07190000417137;NULL;NULL;OK;OK
518;Stockholmsvägen 11;Perstorp;Heat, Return temp;67841477;ELV;12035338;CMi2110;07190000417011;NULL;NULL;OK;OK
519;Aspvägen 05;Perstorp;Heat, Return temp;67841379;ELV;12035370;CMi2110;07190000417051;NULL;NULL;OK;OK
520;Björkvägen 03;Perstorp;Heat, Return temp;67841508;ELV;12035372;CMi2110;07190000417048;NULL;NULL;OK;OK
521;Rönnvägen 08;Perstorp;Heat, Return temp;67970057;ELV;12037110;CMi2110;07190000426181;NULL;NULL;OK;OK
522;Rönnvägen 05;Perstorp;Heat, Return temp;67970107;ELV;12037096;CMi2110;07190000426188;NULL;NULL;OK;OK
523;Rönnvägen 01;Perstorp;Heat, Return temp;67970033;ELV;12037090;CMi2110;07190000426198;NULL;NULL;OK;OK
524;Rönnvägen 02;Perstorp;Heat, Return temp;67606297;ELV;12031810;CMi2110;07190000355168;NULL;NULL;OK;OK
525;Rönnvägen 06;Perstorp;Heat, Return temp;67970130;ELV;12036895;CMi2110;07190000426234;NULL;NULL;OK;OK
526;Björkvägen 08;Perstorp;Heat, Return temp;67970014;ELV;12037313;CMi2110;07190000426108;NULL;NULL;OK;OK
527;Rönnvägen 10;Perstorp;Heat, Return temp;67970017;ELV;12037099;CMi2110;07190000426199;NULL;NULL;OK;OK
528;Stockholmsvägen 65;Perstorp;Heat, Return temp;67970011;ELV;12037095;CMi2110;07190000426200;NULL;NULL;OK;OK
529;Hässleholmsvägen 33;Perstorp;Heat, Return temp;67970075;ELV;12037352;CMi2110;07190000426161;NULL;NULL;OK;OK
530;Spårvägsgatan 16;Perstorp;Heat, Return temp;67970117;ELV;12037079;CMi2110;07190000426204;NULL;NULL;OK;OK
531;Aspvägen 07;Perstorp;Heat, Return temp;67841511;ELV;12035358;CMi2110;07190000417064;NULL;NULL;OK;OK
532;Aspvägen 03;Perstorp;Heat, Return temp;67841396;ELV;12035363;CMi2110;07190000417059;NULL;NULL;OK;OK
533;Lillarydsvägen 06;Perstorp;Heat, Return temp;68349238;ELV;12046847;CMi2110;0037282172724;NULL;NULL;OK;OK
534;Lillarydsvägen 08;Perstorp;Heat, Return temp;68349188;ELV;12046898;CMi2110;0037282172587;NULL;NULL;OK;OK
535;Svampvägen 07;Perstorp;Heat, Return temp;67606198;ELV;12032027;CMi2110;07190000355037;NULL;NULL;OK;OK
536;Lillarydsvägen 02;Perstorp;Heat, Return temp;68349243;ELV;12046848;CMi2110;0037282172725;NULL;NULL;OK;OK
537;Svampvägen 3;Perstorp;Heat, Return temp;68349335;ELV;12046882;CMi2110;+37282172759;NULL;NULL;OK;OK
538;Jeans väg 23;Perstorp;Heat, Return temp;68349210;ELV;12046893;CMi2110;+37282172769;NULL;NULL;OK;OK
539;Jeans väg 55;Perstorp;Heat, Return temp;68349192;ELV;12046927;CMi2110;0037282172609;NULL;NULL;OK;OK
540;Mossvägen 48;Perstorp;Heat, Return temp;67970112;ELV;12037107;CMi2110;07190000426180;NULL;NULL;OK;OK
541;Stråkvägen 05;Perstorp;Heat, Return temp;68140007;ELV;12041039;CMi2110;07190000502429;NULL;NULL;OK;OK
542;Duvstigen 17;Perstorp;Heat, Return temp;67841492;ELV;12035336;CMi2110;07190000417013;NULL;NULL;OK;OK
543;Hässleholmsvägen 31;Perstorp;Heat, Return temp;67970035;ELV;12037326;CMi2110;07190000426139;NULL;NULL;OK;OK
544;Hässleholmsvägen 35;Perstorp;Heat, Return temp;67970083;ELV;12037310;CMi2110;07190000426113;NULL;NULL;OK;OK
545;Hässleholmsvägen 41;Perstorp;Heat, Return temp;68349256;ELV;12046936;CMi2110;0037282172774;NULL;NULL;OK;OK
546;Hässleholmsvägen 45;Perstorp;Heat, Return temp;67970067;ELV;12037325;CMi2110;07190000426140;NULL;NULL;OK;OK
547;Hässleholmsvägen 47;Perstorp;Heat, Return temp;67606234;ELV;12032028;CMi2110;07190000355046;NULL;NULL;OK;OK
548;Bäckavägen 06A;Perstorp;Heat, Return temp;67841459;ELV;12036124;CMi2110;07190000417088;NULL;NULL;OK;OK
549;Sångvägen 15;Perstorp;Heat, Return temp;67841442;ELV;12036138;CMi2110;07190000417075;NULL;NULL;OK;OK
550;Verkstadsgatan 09;Perstorp;Heat, Return temp;67190524;ELV;12022325;CMi2110;07190000388917;NULL;NULL;OK;OK
551;Verkstadsgatan 09;Perstorp;Heat, Return temp;67190516;ELV;12022321;CMi2110;07190000388910;NULL;NULL;OK;OK
552;Notvägen 26;Perstorp;Heat, Return temp;67841426;ELV;12036139;CMi2110;07190000417074;NULL;NULL;OK;OK
553;Stråkvägen 16;Perstorp;Heat, Return temp;67606241;ELV;12032014;CMi2110;07190000355025;NULL;NULL;OK;OK
554;Hässleholmsvägen 53;Perstorp;Heat, Return temp;67970038;ELV;12037331;CMi2110;07190000426137;NULL;NULL;OK;OK
555;Bäckavägen 6B;Perstorp;Heat, Return temp;67841486;ELV;12035314;CMi2110;07190000417035;NULL;NULL;OK;OK
556;Hässleholmsvägen 27;Perstorp;Heat, Return temp;67970001;ELV;12037323;CMi2110;07190000426106;NULL;NULL;OK;OK
557;Hässleholmsvägen 59;Perstorp;Heat, Return temp;67970105;ELV;12037363;CMi2110;07190000426154;NULL;NULL;OK;OK
558;Hässleholmsvägen 61;Perstorp;Heat, Return temp;67970103;ELV;12037349;CMi2110;07190000426145;NULL;NULL;OK;OK
559;Parkvägen 33;Perstorp;Heat, Return temp;67841400;ELV;12035378;CMi2110;07190000417042;NULL;NULL;OK;OK
560;Ängsvägen 4;Perstorp;Heat, Return temp;67841409;ELV;12036161;CMi2110;07190000417125;NULL;NULL;OK;OK
562;Industrigatan 06;Perstorp;Heat, Return temp;67841461;ELV;12035352;CMi2110;07190000417070;NULL;NULL;OK;OK
563;Jeans väg 14;Perstorp;Heat, Return temp;68349244;ELV;12046851;CMi2110;0037282172728;NULL;NULL;OK;OK
564;Jeans väg 33;Perstorp;Heat, Return temp;67190497;ELV;12022612;CMi2110;07190000388893;NULL;NULL;OK;OK
565;Spjutserödsvägen 13;Perstorp;Heat, Return temp;67190487;ELV;12022341;CMi2110;07190000388939;NULL;NULL;OK;OK
566;Spjutserödsvägen 06;Perstorp;Heat, Return temp;67841394;ELV;12035344;CMi2110;07190000417005;NULL;NULL;OK;OK
567;Parkvägen 11;Perstorp;Heat, Return temp;67841431;ELV;12036117;CMi2110;07190000417095;NULL;NULL;OK;OK
568;Jeans väg 31;Perstorp;Heat, Return temp;67841367;ELV;12035348;CMi2110;07190000417062;NULL;NULL;OK;OK
569;Parkvägen 41;Perstorp;Heat, Return temp;67190466;ELV;12022575;CMi2110;07190000388877;NULL;NULL;OK;OK
570;Mossvägen 21;Perstorp;Heat, Return temp;67970068;ELV;12037368;CMi2110;07190000426149;NULL;NULL;OK;OK
571;Mossvägen 29;Perstorp;Heat, Return temp;67970064;ELV;12037371;CMi2110;07190000426166;NULL;NULL;OK;OK
572;Mossvägen 33;Perstorp;Heat, Return temp;67606285;ELV;12032000;CMi2110;07190000355030;NULL;NULL;OK;OK
573;Mossvägen 35;Perstorp;Heat, Return temp;67970060;ELV;12037356;CMi2110;07190000426150;NULL;NULL;OK;OK
574;Mossvägen 40;Perstorp;Heat, Return temp;67970077;ELV;12037297;CMi2110;07190000426104;NULL;NULL;OK;OK
575;Mossvägen 44;Perstorp;Heat, Return temp;67970080;ELV;12037370;CMi2110;07190000426167;NULL;NULL;OK;OK
576;Mossvägen 46;Perstorp;Heat, Return temp;67970030;ELV;12036907;CMi2110;07190000426247;NULL;NULL;OK;OK
577;Mossvägen 50;Perstorp;Heat, Return temp;67970050;ELV;12037354;CMi2110;07190000426160;NULL;NULL;OK;OK
578;Mossvägen 52;Perstorp;Heat, Return temp;67970054;ELV;12037111;CMi2110;07190000426179;NULL;NULL;OK;OK
579;Klövergatan 26;Perstorp;Heat, Return temp;67841423;ELV;12036106;CMi2110;07190000417106;NULL;NULL;OK;OK
580;Spelvägen 07;Perstorp;Heat, Return temp;67841421;ELV;12051928;CMi2110;0037283021610;NULL;NULL;OK;OK
581;Körsbärsvägen 01;Perstorp;Heat, Return temp;67841403;ELV;12036164;CMi2110;07190000417122;NULL;NULL;OK;OK
582;Kronvägen 03;Perstorp;Heat, Return temp;6894866;KAM;6021319;CMe2100;07190000494738;NULL;NULL;OK;OK
583;Svetsaregatan 02;Perstorp;Heat, Return temp;67606180;ELV;12031764;CMi2110;07190000355095;NULL;NULL;OK;OK
584;Brännaregatan 01;Perstorp;Heat, Return temp;67606194;ELV;12031878;CMi2110;07190000355096;NULL;NULL;OK;OK
585;Elektrodvägen 21;Perstorp;Heat, Return temp;67606208;ELV;12031919;CMi2110;07190000355102;NULL;NULL;OK;OK
586;Elektrodvägen 10;Perstorp;Heat, Return temp;67841445;ELV;12036130;CMi2110;07190000417082;NULL;NULL;OK;OK
587;Skarvrörsgatan 05;Perstorp;Heat, Return temp;68140052;ELV;12041026;CMi2110;07190000502425;NULL;NULL;OK;OK
588;Skarvrörsgatan 07;Perstorp;Heat, Return temp;68140030;ELV;12041016;CMi2110;07190000502468;NULL;NULL;OK;OK
589;Alvägen  13;Perstorp;Heat, Return temp;67970070;ELV;12037353;CMi2110;07190000426159;NULL;NULL;OK;OK
590;Skarvrörsgatan 13;Perstorp;Heat, Return temp;67606201;ELV;12032019;CMi2110;07190000355035;NULL;NULL;OK;OK
591;Skarvrörsgatan 15;Perstorp;Heat, Return temp;68139996;ELV;12041009;CMi2110;07190000502466;NULL;NULL;OK;OK
592;Skarvrörsgatan 19;Perstorp;Heat, Return temp;68140006;ELV;12041038;CMi2110;07190000502436;NULL;NULL;OK;OK
593;Skarvrörsgatan 21;Perstorp;Heat, Return temp;68140034;ELV;12041006;CMi2110;07190000502474;NULL;NULL;OK;OK
594;Björkhaga Rehabiliteringscenter;Perstorp;Heat, Return temp;68459554;ELV;12047124;CMi2110;0037282164571;NULL;NULL;OK;OK
595;Kolonigatan 13;Perstorp;Heat, Return temp;68140031;ELV;12040992;CMi2110;07190000502488;NULL;NULL;OK;OK
596;Kolonigatan 15;Perstorp;Heat, Return temp;68140008;ELV;12041036;CMi2110;07190000502428;NULL;NULL;OK;OK
597;Spjutserödsvägen 35;Perstorp;Heat, Return temp;67841390;ELV;12036172;CMi2110;07190000417115;NULL;NULL;OK;OK
598;Alvägen 25;Perstorp;Heat, Return temp;67606306;ELV;12031951;CMi2110;07190000355166;NULL;NULL;OK;OK
599;Parkvägen 27;Perstorp;Heat, Return temp;67841458;ELV;12036133;CMi2110;07190000417079;NULL;NULL;OK;OK
600;Skarvrörsgatan 09;Perstorp;Heat, Return temp;68140036;ELV;12041052;CMi2110;07190000502440;NULL;NULL;OK;OK
601;Vinkelgatan 07;Perstorp;Heat, Return temp;68349248;ELV;12046913;CMi2110;0037282172595;NULL;NULL;OK;OK
602;Vinkelgatan 08;Perstorp;Heat, Return temp;68349304;ELV;12046926;CMi2110;0037282172604;NULL;NULL;OK;OK
603;Vinkelgatan 09;Perstorp;Heat, Return temp;67606230;ELV;12032039;CMi2110;07190000355058;NULL;NULL;OK;OK
604;Vinkelgatan 10;Perstorp;Heat, Return temp;67606203;ELV;12032024;CMi2110;07190000355045;NULL;NULL;OK;OK
605;Vinkelgatan 12;Perstorp;Heat, Return temp;68349208;ELV;12046892;CMi2110;+37282172768;NULL;NULL;OK;OK
606;Vinkelgatan 14;Perstorp;Heat, Return temp;68349239;ELV;12046971;CMi2110;0037282172792;NULL;NULL;OK;OK
607;Tonvägen 02;Perstorp;Heat, Return temp;67841413;ELV;12036107;CMi2110;07190000417105;NULL;NULL;OK;OK
608;Tonvägen 18;Perstorp;Heat, Return temp;67841427;ELV;12036136;CMi2110;07190000417077;NULL;NULL;OK;OK
609;Tonvägen 20;Perstorp;Heat, Return temp;68139929;ELV;12041189;CMi2110;07190000502501;NULL;NULL;OK;OK
610;Tonvägen 22;Perstorp;Heat, Return temp;67841473;ELV;12035928;CMi2110;07190000417147;NULL;NULL;OK;OK
611;Sångvägen 20;Perstorp;Heat, Return temp;67606292;ELV;12031516;CMi2110;07190000355164;NULL;NULL;OK;OK
612;Oderljungavägen 49;Perstorp;Heat, Return temp;67841384;ELV;12035343;CMi2110;07190000417006;NULL;NULL;OK;OK
613;Ekvägen 04;Perstorp;Heat, Return temp;67970000;ELV;12037308;CMi2110;07190000426115;NULL;NULL;OK;OK
614;Hässleholmsvägen 55;Perstorp;Heat, Return temp;67970005;ELV;12037329;CMi2110;07190000426135;NULL;NULL;OK;OK
615;Spjutserödsvägen 41;Perstorp;Heat, Return temp;67841372;ELV;12036149;CMi2110;07190000417136;NULL;NULL;OK;OK
616;Notvägen 14;Perstorp;Heat, Return temp;67841411;ELV;12036157;CMi2110;07190000417129;NULL;NULL;OK;OK
617;Arons väg 03;Perstorp;Heat, Return temp;67841470;ELV;12036141;CMi2110;07190000417144;NULL;NULL;OK;OK
618;Ekvägen 06;Perstorp;Heat, Return temp;67970029;ELV;12036904;CMi2110;07190000426250;NULL;NULL;OK;OK
619;Hantverksgatan 21;Perstorp;Heat, Return temp;67970091;ELV;12037327;CMi2110;07190000426130;NULL;NULL;OK;OK
620;Skarvrörsgatan 17;Perstorp;Heat, Return temp;68140039;ELV;12041001;CMi2110;07190000502464;NULL;NULL;OK;OK
621;Skarvrörsgatan 11;Perstorp;Heat, Return temp;68140018;ELV;12041765;CMi2110;07190000502374;NULL;NULL;OK;OK
622;Alvägen 17;Perstorp;Heat, Return temp;67841392;ELV;12035362;CMi2110;07190000417060;NULL;NULL;OK;OK
623;Ugglestigen 09;Perstorp;Heat, Return temp;67190482;ELV;12022366;CMi2110;07190000389033;NULL;NULL;OK;OK
624;Parkvägen 40;Perstorp;Heat, Return temp;67606200;ELV;12032022;CMi2110;07190000355027;NULL;NULL;OK;OK
625;Falkvägen 05;Perstorp;Heat, Return temp;67841386;ELV;12036131;CMi2110;07190000417138;NULL;NULL;OK;OK
626;Sångvägen 10;Perstorp;Heat, Return temp;67841420;ELV;12036097;CMi2110;07190000417108;NULL;NULL;OK;OK
627;Blinkefyrvägen 02;Perstorp;Heat, Return temp;67841489;ELV;12035342;CMi2110;07190000417007;NULL;NULL;OK;OK
628;Lärkvägen 09;Perstorp;Heat, Return temp;67841388;ELV;12036173;CMi2110;07190000417114;NULL;NULL;OK;OK
629;Fasanvägen 33;Perstorp;Heat, Return temp;67970126;ELV;12036897;CMi2110;07190000426236;NULL;NULL;OK;OK
630;Snickaregatan 1;Perstorp;Heat, Return temp;67606263;ELV;12031837;CMi2110;07190000355153;NULL;NULL;OK;OK
631;Klövergatan 13;Perstorp;Heat, Return temp;67970136;ELV;12036868;CMi2110;07190000426214;NULL;NULL;OK;OK
632;Stensmöllavägen 21;Perstorp;Heat, Return temp;67970094;ELV;12036881;CMi2110;07190000426238;NULL;NULL;OK;OK
633;Parkvägen 22;Perstorp;Heat, Return temp;67841430;ELV;12036120;CMi2110;07190000417092;NULL;NULL;OK;OK
634;Tjäderstigen 14;Perstorp;Heat, Return temp;67841375;ELV;12036154;CMi2110;07190000417132;NULL;NULL;OK;OK
635;Spelvägen 37;Perstorp;Heat, Return temp;67841434;ELV;12036112;CMi2110;07190000417100;NULL;NULL;OK;OK
636;Spelvägen 35;Perstorp;Heat, Return temp;67841454;ELV;12035367;CMi2110;07190000417055;NULL;NULL;OK;OK
637;Spelvägen 20;Perstorp;Heat, Return temp;67841425;ELV;12036137;CMi2110;07190000417076;NULL;NULL;OK;OK
638;Spelvägen 01;Perstorp;Heat, Return temp;67841447;ELV;12036128;CMi2110;07190000417084;NULL;NULL;OK;OK
639;Stensmöllavägen 12;Perstorp;Heat, Return temp;67841484;ELV;12036147;CMi2110;07190000417140;NULL;NULL;OK;OK
640;Ekvägen 03;Perstorp;Heat, Return temp;67841368;ELV;12035365;CMi2110;07190000417058;NULL;NULL;OK;OK
641;Ekvägen 08;Perstorp;Heat, Return temp;67970020;ELV;12037336;CMi2110;07190000426119;NULL;NULL;OK;OK
642;Ekvägen 09;Perstorp;Heat, Return temp;68139908;ELV;12051938;CMi2110;0037283021616;NULL;NULL;OK;OK
644;Ekvägen 02;Perstorp;Heat, Return temp;67970025;ELV;12037345;CMi2110;07190000426129;NULL;NULL;OK;OK
645;Ringarevägen 23;Perstorp;Heat, Return temp;67970049;ELV;12037367;CMi2110;07190000426152;NULL;NULL;OK;OK
646;Fasanvägen 28;Perstorp;Heat, Return temp;67970092;ELV;12037085;CMi2110;07190000426194;NULL;NULL;OK;OK
647;Parkvägen 21;Perstorp;Heat, Return temp;67970018;ELV;12037078;CMi2110;07190000426208;NULL;NULL;OK;OK
648;Aspvägen 06;Perstorp;Heat, Return temp;67970009;ELV;12037342;CMi2110;07190000426128;NULL;NULL;OK;OK
649;Alvägen 21;Perstorp;Heat, Return temp;67841377;ELV;12035381;CMi2110;07190000417039;NULL;NULL;OK;OK
650;Perstorp Gymnasieskola;Perstorp;Heat, Return temp;6894863;KAM;6021318;CMe2100;07190000494750;NULL;NULL;OK;OK
651;Örnstigen 01;Perstorp;Heat, Return temp;67841395;ELV;12035318;CMi2110;07190000417031;NULL;NULL;OK;OK
652;Köpmangatan19;Perstorp;Heat, Return temp;67606279;ELV;12031894;CMi2110;07190000355144;NULL;NULL;OK;OK
653;Duvstigen 03;Perstorp;Heat, Return temp;68139950;ELV;12041742;CMi2110;07190000502406;NULL;NULL;OK;OK
654;Tjäderstigen 09;Perstorp;Heat, Return temp;67841497;ELV;12035325;CMi2110;07190000417025;NULL;NULL;OK;OK
655;Hässleholmsvägen 37;Perstorp;Heat, Return temp;67970002;ELV;12037335;CMi2110;07190000426127;NULL;NULL;OK;OK
656;Parkvägen 50;Perstorp;Heat, Return temp;68349220;ELV;12046902;CMi2110;0037282172586;NULL;NULL;OK;OK
657;Järnvägsgatan 12;Perstorp;Heat, Return temp;67190510;ELV;12022328;CMi2110;07190000388920;NULL;NULL;OK;OK
658;Duvstigen 09;Perstorp;Heat, Return temp;67841443;ELV;12036129;CMi2110;07190000417083;NULL;NULL;OK;OK
659;Köpmangatan 06;Perstorp;Heat, Return temp;68140043;ELV;12041021;CMi2110;07190000502478;NULL;NULL;OK;OK
660;Industrigatan 21;Perstorp;Heat, Return temp;67190526;ELV;12022342;CMi2110;07190000388940;NULL;NULL;OK;OK
661;Köpmangatan 13;Perstorp;Heat, Return temp;68140049;ELV;12041043;CMi2110;07190000502438;NULL;NULL;OK;OK
662;Hässleholmsvägen 57;Perstorp;Heat, Return temp;67970074;ELV;12037322;CMi2110;07190000426112;NULL;NULL;OK;OK
663;Tjäderstigen 35;Perstorp;Heat, Return temp;67841448;ELV;12036115;CMi2110;07190000417097;NULL;NULL;OK;OK
664;Kolonigatan 16;Perstorp;Heat, Return temp;68140048;ELV;12041056;CMi2110;07190000502433;NULL;NULL;OK;OK
665;Köpmangatan 21;Perstorp;Heat, Return temp;67970086;ELV;12037080;CMi2110;07190000426203;NULL;NULL;OK;OK
666;Kolonigatan 04;Perstorp;Heat, Return temp;68140022;ELV;12041005;CMi2110;07190000502465;NULL;NULL;OK;OK
667;Färgarevägen 03;Perstorp;Heat, Return temp;67841391;ELV;12036110;CMi2110;07190000417117;NULL;NULL;OK;OK
668;Mossvägen 36;Perstorp;Heat, Return temp;67606232;ELV;12031999;CMi2110;07190000355039;NULL;NULL;OK;OK
669;Kolonigatan 12;Perstorp;Heat, Return temp;67606226;ELV;12031832;CMi2110;07190000355158;NULL;NULL;OK;OK
670;Lärkvägen 15;Perstorp;Heat, Return temp;67841437;ELV;12036108;CMi2110;07190000417104;NULL;NULL;OK;OK
671;Stockholmsvägen 57;Perstorp;Heat, Return temp;68139939;ELV;12041044;CMi2110;07190000502456;NULL;NULL;OK;OK
672;Färgarevägen 33;Perstorp;Heat, Return temp;67841482;ELV;12035341;CMi2110;07190000417008;NULL;NULL;OK;OK
673;Oderljungavägen 55;Perstorp;Heat, Return temp;67970123;ELV;12036866;CMi2110;07190000426218;NULL;NULL;OK;OK
674;Oderljungavägen 53;Perstorp;Heat, Return temp;67970138;ELV;12036877;CMi2110;07190000426223;NULL;NULL;OK;OK
675;Alvägen 27;Perstorp;Heat, Return temp;67970052;ELV;12037344;CMi2110;07190000426133;NULL;NULL;OK;OK
676;"Duvstigen 8 A ";Perstorp;Heat, Return temp;67190492;ELV;12022605;CMi2110;07190000388892;NULL;NULL;OK;OK
678;Stockholmsvägen 26;Perstorp;Heat, Return temp;67970125;ELV;12036873;CMi2110;07190000426227;NULL;NULL;OK;OK
679;Tjäderstigen 13;Perstorp;Heat, Return temp;67970097;ELV;12036882;CMi2110;07190000426239;NULL;NULL;OK;OK
680;Mossvägen 15;Perstorp;Heat, Return temp;67970048;ELV;12037406;CMi2110;07190000426146;NULL;NULL;OK;OK
681;Klockarevägen 13;Perstorp;Heat, Return temp;67841476;ELV;12035345;CMi2110;07190000417004;NULL;NULL;OK;OK
682;Helsingborgsvägen 22;Perstorp;Heat, Return temp;67841479;ELV;12035925;CMi2110;07190000417145;NULL;NULL;OK;OK
683;Mossvägen 24A;Perstorp;Heat, Return temp;67970063;ELV;12037402;CMi2110;07190000426168;NULL;NULL;OK;OK
684;Mossvägen 22 B;Perstorp;Heat, Return temp;67970106;ELV;12037340;CMi2110;07190000426131;NULL;NULL;OK;OK
685;Klockarevägen 06;Perstorp;Heat, Return temp;67970046;ELV;12037100;CMi2110;07190000426191;NULL;NULL;OK;OK
686;Mossvägen 20;Perstorp;Heat, Return temp;67841512;ELV;12035351;CMi2110;07190000417071;NULL;NULL;OK;OK
687;Stockholmsvägen 53;Perstorp;Heat, Return temp;67970006;ELV;12037357;CMi2110;07190000426148;NULL;NULL;OK;OK
688;Stockholmsvägen 55;Perstorp;Heat, Return temp;68139956;ELV;12041020;CMi2110;07190000502477;NULL;NULL;OK;OK
689;Porsvägen 29;Perstorp;Heat, Return temp;67970090;ELV;12037324;CMi2110;07190000426105;NULL;NULL;OK;OK
690;Spelvägen 29;Perstorp;Heat, Return temp;67606286;ELV;12031997;CMi2110;07190000355020;NULL;NULL;OK;OK
691;Gustavsborgsvägen 18;Perstorp;Heat, Return temp;67606159;ELV;12032015;CMi2110;07190000355043;NULL;NULL;OK;OK
692;Gustavsborgsvägen 20;Perstorp;Heat, Return temp;67970008;ELV;12037343;CMi2110;07190000426120;NULL;NULL;OK;OK
694;Röstångavägen 18;Perstorp;Heat, Return temp;67970024;ELV;12037087;CMi2110;07190000426205;NULL;NULL;OK;OK
695;Parkvägen 23;Perstorp;Heat, Return temp;67970023;ELV;12037365;CMi2110;07190000426165;NULL;NULL;OK;OK
696;Röstångavägen 13;Perstorp;Heat, Return temp;67606242;ELV;12032031;CMi2110;07190000355056;NULL;NULL;OK;OK
697;Duettvägen 02;Perstorp;Heat, Return temp;68139958;ELV;12041745;CMi2110;07190000502414;NULL;NULL;OK;OK
698;Lillarydsvägen 12;Perstorp;Heat, Return temp;68349232;ELV;12046857;CMi2110;0037282172734;NULL;NULL;OK;OK
699;Duvstigen 30;Perstorp;Heat, Return temp;68139913;ELV;12041784;CMi2110;07190000502379;NULL;NULL;OK;OK
700;Parkvägen 14;Perstorp;Heat, Return temp;67970037;ELV;12037097;CMi2110;07190000426189;NULL;NULL;OK;OK
701;Duvstigen 25;Perstorp;Heat, Return temp;68139969;ELV;12041768;CMi2110;07190000502357;NULL;NULL;OK;OK
702;Duvstigen 27;Perstorp;Heat, Return temp;68140038;ELV;12040990;CMi2110;07190000502470;NULL;NULL;OK;OK
703;Färgarevägen 30;Perstorp;Heat, Return temp;67970007;ELV;12037321;CMi2110;07190000426111;NULL;NULL;OK;OK
704;Sångvägen 01;Perstorp;Heat, Return temp;68139949;ELV;12041736;CMi2110;07190000502404;NULL;NULL;OK;OK
705;Duvstigen 29;Perstorp;Heat, Return temp;68139927;ELV;12041760;CMi2110;07190000502355;NULL;NULL;OK;OK
706;Lärkvägen 05;Perstorp;Heat, Return temp;68139993;ELV;12041739;CMi2110;07190000502396;NULL;NULL;OK;OK
707;Fasanvägen 34;Perstorp;Heat, Return temp;67970129;ELV;12036892;CMi2110;07190000426231;NULL;NULL;OK;OK
708;Köpmangatan 23;Perstorp;Heat, Return temp;67606289;ELV;12032005;CMi2110;07190000355022;NULL;NULL;OK;OK
709;Klövergatan 17;Perstorp;Heat, Return temp;67970132;ELV;12036887;CMi2110;07190000426243;NULL;NULL;OK;OK
710;Sångvägen 05;Perstorp;Heat, Return temp;68139970;ELV;12041734;CMi2110;07190000502403;NULL;NULL;OK;OK
711;Sångvägen 09;Perstorp;Heat, Return temp;68139978;ELV;12041017;CMi2110;07190000502494;NULL;NULL;OK;OK
712;Gustavsborgsvägen 02;Perstorp;Heat, Return temp;67969995;ELV;12037320;CMi2110;07190000426117;NULL;NULL;OK;OK
713;Lillarydsvägen 14;Perstorp;Heat, Return temp;68349247;ELV;12046850;CMi2110;0037282172727;NULL;NULL;OK;OK
714;Fasanvägen 32;Perstorp;Heat, Return temp;68139983;ELV;12041720;CMi2110;07190000502399;NULL;NULL;OK;OK
715;Fasanvägen 30;Perstorp;Heat, Return temp;67970114;ELV;12037082;CMi2110;07190000426195;NULL;NULL;OK;OK
716;Sångvägen 08;Perstorp;Heat, Return temp;68139946;ELV;12041725;CMi2110;07190000502409;NULL;NULL;OK;OK
717;Duvstigen 16;Perstorp;Heat, Return temp;68139991;ELV;12041744;CMi2110;07190000502413;NULL;NULL;OK;OK
718;Sångvägen 06;Perstorp;Heat, Return temp;68140013;ELV;12041721;CMi2110;07190000502401;NULL;NULL;OK;OK
719;Sångvägen 18;Perstorp;Heat, Return temp;68140044;ELV;12041712;CMi2110;07190000502398;NULL;NULL;OK;OK
720;Spårvägsgatan 10;Perstorp;Heat, Return temp;67970093;ELV;12037104;CMi2110;07190000426177;NULL;NULL;OK;OK
721;Gustavsborgsvägen 16 A;Perstorp;Heat, Return temp;67970019;ELV;12037312;CMi2110;07190000426109;NULL;NULL;OK;OK
722;Duvstigen 13;Perstorp;Heat, Return temp;68139963;ELV;12041764;CMi2110;07190000502365;NULL;NULL;OK;OK
723;Rydbovägen 24;Perstorp;Heat, Return temp;67970127;ELV;12037089;CMi2110;07190000426196;NULL;NULL;OK;OK
724;Duvstigen 14;Perstorp;Heat, Return temp;68139974;ELV;12041762;CMi2110;07190000502364;NULL;NULL;OK;OK
725;Trastvägen 01;Perstorp;Heat, Return temp;68349300;ELV;12046944;CMi2110;0037282172619;NULL;NULL;OK;OK
726;Ugglestigen 02;Perstorp;Heat, Return temp;68139965;ELV;12041014;CMi2110;07190000502467;NULL;NULL;OK;OK
727;Färgarevägen 06;Perstorp;Heat, Return temp;67969994;ELV;12037334;CMi2110;07190000426118;NULL;NULL;OK;OK
728;Tjäderstigen 33;Perstorp;Heat, Return temp;67841505;ELV;12036146;CMi2110;07190000417141;NULL;NULL;OK;OK
729;Tjäderstigen 31;Perstorp;Heat, Return temp;67841383;ELV;12035354;CMi2110;07190000417069;NULL;NULL;OK;OK
730;Stråkvägen 01;Perstorp;Heat, Return temp;68140050;ELV;12041034;CMi2110;07190000502437;NULL;NULL;OK;OK
731;Spjutserödsvägen 22;Perstorp;Heat, Return temp;67970099;ELV;12037093;CMi2110;07190000426197;NULL;NULL;OK;OK
732;Spjutserödsvägen 17;Perstorp;Heat, Return temp;67970102;ELV;12036889;CMi2110;07190000426246;NULL;NULL;OK;OK
733;Trastvägen 17;Perstorp;Heat, Return temp;67970135;ELV;12036867;CMi2110;07190000426219;NULL;NULL;OK;OK
734;Rydbovägen 04;Perstorp;Heat, Return temp;67841513;ELV;12035360;CMi2110;07190000417063;NULL;NULL;OK;OK
735;Oderljungavägen 57;Perstorp;Heat, Return temp;68140033;ELV;12041019;CMi2110;07190000502469;NULL;NULL;OK;OK
736;Skarvrörsgatan 10;Perstorp;Heat, Return temp;68140035;ELV;12041003;CMi2110;07190000502473;NULL;NULL;OK;OK
737;Eddagatan 05;Perstorp;Heat, Return temp;68349279;ELV;12046841;CMi2110;0037282172818;NULL;NULL;OK;OK
738;Eddagatan 02;Perstorp;Heat, Return temp;68349255;ELV;12046977;CMi2110;0037282172800;NULL;NULL;OK;OK
739;Eddagatan 04;Perstorp;Heat, Return temp;68349240;ELV;12046876;CMi2110;0037282172753;NULL;NULL;OK;OK
740;Eddagatan 06;Perstorp;Heat, Return temp;68140005;ELV;12041040;CMi2110;07190000502454;NULL;NULL;OK;OK
741;Eddagatan 08;Perstorp;Heat, Return temp;68349262;ELV;12046896;CMi2110;0037282172772;NULL;NULL;OK;OK
742;Eddagatan 10;Perstorp;Heat, Return temp;68349274;ELV;12046845;CMi2110;0037282172822;NULL;NULL;OK;OK
743;Eddagatan 12;Perstorp;Heat, Return temp;68139932;ELV;12041209;CMi2110;07190000502499;NULL;NULL;OK;OK
744;Valhallagatan 03;Perstorp;Heat, Return temp;68349189;ELV;12046861;CMi2110;+37282172738;NULL;NULL;OK;OK
745;Valhallagatan 04;Perstorp;Heat, Return temp;68349296;ELV;12046862;CMi2110;+37282172739;NULL;NULL;OK;OK
746;Valhallagatan 05;Perstorp;Heat, Return temp;68349249;ELV;12046925;CMi2110;0037282172605;NULL;NULL;OK;OK
747;Valhallagatan 06;Perstorp;Heat, Return temp;68349299;ELV;12046953;CMi2110;+37282172616;NULL;NULL;OK;OK
748;Valhallagatan 07;Perstorp;Heat, Return temp;68349199;ELV;12046865;CMi2110;+37282172742;NULL;NULL;OK;OK
749;Valhallagatan 08;Perstorp;Heat, Return temp;68349312;ELV;12046970;CMi2110;0037282172794;NULL;NULL;OK;OK
750;Valhallagatan 09;Perstorp;Heat, Return temp;68349187;ELV;12046973;CMi2110;0037282172797;NULL;NULL;OK;OK
751;Valhallagatan 10;Perstorp;Heat, Return temp;68349191;ELV;12046871;CMi2110;+37282172748;NULL;NULL;OK;OK
752;Valhallagatan 11;Perstorp;Heat, Return temp;68349198;ELV;12046947;CMi2110;0037282172622;NULL;NULL;OK;OK
753;Valhallagatan 12;Perstorp;Heat, Return temp;68349325;ELV;12046958;CMi2110;0037282172780;NULL;NULL;OK;OK
754;Valhallagatan 13;Perstorp;Heat, Return temp;68349307;ELV;12046946;CMi2110;+37282172621;NULL;NULL;OK;OK
755;Valhallagatan 14;Perstorp;Heat, Return temp;67841365;ELV;12035369;CMi2110;07190000417053;NULL;NULL;OK;OK
756;Snorregatan 03;Perstorp;Heat, Return temp;68349273;ELV;12046826;CMi2110;0037282172803;NULL;NULL;OK;OK
757;Snorregatan 05;Perstorp;Heat, Return temp;68349219;ELV;12046932;CMi2110;0037282172600;NULL;NULL;OK;OK
758;Snorregatan 07;Perstorp;Heat, Return temp;68349277;ELV;12051930;CMi2110;0037282172813;NULL;NULL;OK;OK
759;Snorregatan 08;Perstorp;Heat, Return temp;68349236;ELV;12046956;CMi2110;0037282172782;NULL;NULL;OK;OK
760;Snorregatan 09;Perstorp;Heat, Return temp;68349319;ELV;12046910;CMi2110;0037282172581;NULL;NULL;OK;OK
761;Snorregatan 10;Perstorp;Heat, Return temp;68349245;ELV;12046919;CMi2110;0037282172610;NULL;NULL;OK;OK
762;Snorregatan 11;Perstorp;Heat, Return temp;68349258;ELV;12046397;CMi2110;0037282172577;NULL;NULL;OK;OK
763;Snorregatan 13;Perstorp;Heat, Return temp;68349314;ELV;12046959;CMi2110;0037282172779;NULL;NULL;OK;OK
764;Snorregatan 15;Perstorp;Heat, Return temp;68349334;ELV;12046880;CMi2110;0037282172757;NULL;NULL;OK;OK
765;Snorregatan 17;Perstorp;Heat, Return temp;68349316;ELV;12046911;CMi2110;0037282172582;NULL;NULL;OK;OK
766;Snorregatan 19;Perstorp;Heat, Return temp;68349261;ELV;12046937;CMi2110;0037282172615;NULL;NULL;OK;OK
767;Snorregatan 21;Perstorp;Heat, Return temp;68349321;ELV;12046922;CMi2110;0037282172589;NULL;NULL;OK;OK
768;Snorregatan 23;Perstorp;Heat, Return temp;68349292;ELV;12046957;CMi2110;0037282172778;NULL;NULL;OK;OK
769;Snorregatan 25;Perstorp;Heat, Return temp;68349194;ELV;12046920;CMi2110;0037282172591;NULL;NULL;OK;OK
770;Snorregatan 27;Perstorp;Heat, Return temp;68349317;ELV;12046923;CMi2110;0037282172590;NULL;NULL;OK;OK
771;Snorregatan 29;Perstorp;Heat, Return temp;68349209;ELV;12046874;CMi2110;0037282172751;NULL;NULL;OK;OK
772;Snorregatan 31;Perstorp;Heat, Return temp;68349254;ELV;12046963;CMi2110;0037282172791;NULL;NULL;OK;OK
773;Eddagatan 01;Perstorp;Heat, Return temp;68349222;ELV;12046878;CMi2110;0037282172755;NULL;NULL;OK;OK
774;Spjutserödsvägen 37;Perstorp;Heat, Return temp;68139943;ELV;12041191;CMi2110;07190000502502;NULL;NULL;OK;OK
775;Snorregatan 33;Perstorp;Heat, Return temp;68349193;ELV;12046879;CMi2110;+37282172756;NULL;NULL;OK;OK
776;Midgårdsgatan 02;Perstorp;Heat, Return temp;68349237;ELV;12046849;CMi2110;0037282172726;NULL;NULL;OK;OK
777;Midgårdsgatan 04;Perstorp;Heat, Return temp;68349231;ELV;12046931;CMi2110;0037282172608;NULL;NULL;OK;OK
778;Midgårdsgatan 06;Perstorp;Heat, Return temp;68349330;ELV;12046396;CMi2110;0037282172579;NULL;NULL;OK;OK
779;Midgårdsgatan 08;Perstorp;Heat, Return temp;68349293;ELV;12046829;CMi2110;0037282172806;NULL;NULL;OK;OK
780;Midgårdsgatan 10;Perstorp;Heat, Return temp;68349196;ELV;12046908;CMi2110;0037282172584;NULL;NULL;OK;OK
781;Midgårdsgatan 12;Perstorp;Heat, Return temp;68349218;ELV;12046929;CMi2110;0037282172601;NULL;NULL;OK;OK
782;Midgårdsgatan 14;Perstorp;Heat, Return temp;68349197;ELV;12046907;CMi2110;0037282172585;NULL;NULL;OK;OK
783;Midgårdsgatan 16;Perstorp;Heat, Return temp;68349217;ELV;12046900;CMi2110;0037282172588;NULL;NULL;OK;OK
784;Midgårdsgatan 18;Perstorp;Heat, Return temp;68349195;ELV;12046918;CMi2110;0037282172592;NULL;NULL;OK;OK
785;Midgårdsgatan 20;Perstorp;Heat, Return temp;68349290;ELV;12046838;CMi2110;0037282172815;NULL;NULL;OK;OK
786;Midgårdsgatan 22;Perstorp;Heat, Return temp;68349298;ELV;12046853;CMi2110;0037282172730;NULL;NULL;OK;OK
787;Midgårdsgatan 24;Perstorp;Heat, Return temp;68349333;ELV;12046916;CMi2110;0037282172593;NULL;NULL;OK;OK
788;Midgårdsgatan 26;Perstorp;Heat, Return temp;68349288;ELV;12046833;CMi2110;0037282172809;NULL;NULL;OK;OK
789;Midgårdsgatan 28;Perstorp;Heat, Return temp;68349287;ELV;12046832;CMi2110;0037282172808;NULL;NULL;OK;OK
790;Midgårdsgatan 30;Perstorp;Heat, Return temp;68349253;ELV;12046955;CMi2110;0037282172781;NULL;NULL;OK;OK
791;Midgårdsgatan 32;Perstorp;Heat, Return temp;68349278;ELV;12046831;CMi2110;0037282172807;NULL;NULL;OK;OK
792;Midgårdsgatan 34;Perstorp;Heat, Return temp;68349286;ELV;12046830;CMi2110;0037282172810;NULL;NULL;OK;OK
793;Midgårdsgatan 36;Perstorp;Heat, Return temp;68349281;ELV;12046837;CMi2110;0037282172814;NULL;NULL;OK;OK
794;Midgårdsgatan 38;Perstorp;Heat, Return temp;68349280;ELV;12046828;CMi2110;0037282172805;NULL;NULL;OK;OK
795;Midgårdsgatan 40;Perstorp;Heat, Return temp;68349291;ELV;12046854;CMi2110;0037282172731;NULL;NULL;OK;OK
796;Midgårdsgatan 42;Perstorp;Heat, Return temp;68349328;ELV;12046934;CMi2110;0037282172599;NULL;NULL;OK;OK
797;Midgårdsgatan 44;Perstorp;Heat, Return temp;67970121;ELV;12036880;CMi2110;+37282172743;NULL;NULL;OK;OK
798;Timotejgatan 04;Perstorp;Heat, Return temp;68139984;ELV;12041000;CMi2110;07190000502490;NULL;NULL;OK;OK
799;Timotejgatan 02;Perstorp;Heat, Return temp;67970134;ELV;12036874;CMi2110;07190000426226;NULL;NULL;OK;OK
800;Fasanvägen 27;Perstorp;Heat, Return temp;67970095;ELV;12037103;CMi2110;07190000426178;NULL;NULL;OK;OK
801;Eddagatan 13;Perstorp;Heat, Return temp;67841416;ELV;12036162;CMi2110;07190000417124;NULL;NULL;OK;OK
802;Järnvägsgatan 11;Perstorp;Heat, Return temp;67190513;ELV;12022604;CMi2110;0037283013489;NULL;NULL;OK;OK
803;Färgarevägen 18;Perstorp;Heat, Return temp;67606272;ELV;12031839;CMi2110;07190000355138;NULL;NULL;OK;OK
804;Stockholmsvägen 23;Perstorp;Heat, Return temp;67970098;ELV;12036891;CMi2110;07190000426230;NULL;NULL;OK;OK
805;Blåbärsstigen 14;Perstorp;Heat, Return temp;67970122;ELV;12036865;CMi2110;07190000426215;NULL;NULL;OK;OK
806;Ebbarpsvägen 75;Perstorp;Heat, Return temp;68139938;ELV;12041062;CMi2110;07190000502451;NULL;NULL;OK;OK
807;Ebbarpsvägen 77;Perstorp;Heat, Return temp;68139951;ELV;12040991;CMi2110;07190000502489;NULL;NULL;OK;OK
808;Ebbarpsvägen 81;Perstorp;Heat, Return temp;68139936;ELV;12041212;CMi2110;07190000502497;NULL;NULL;OK;OK
809;Ebbarpsvägen 71;Perstorp;Heat, Return temp;68140009;ELV;12041049;CMi2110;07190000502430;NULL;NULL;OK;OK
810;Parkvägen 10;Perstorp;Heat, Return temp;67970022;ELV;12037351;CMi2110;07190000426173;NULL;NULL;OK;OK
811;Trädgårdsgatan 01;Perstorp;Heat, Return temp;67970110;ELV;12036878;CMi2110;07190000426222;NULL;NULL;OK;OK
812;Stockholmsvägen 31;Perstorp;Heat, Return temp;67606282;ELV;12032009;CMi2110;07190000355023;NULL;NULL;OK;OK
813;Parkvägen 38;Perstorp;Heat, Return temp;68349282;ELV;12046842;CMi2110;0037282172819;NULL;NULL;OK;OK
814;Spelvägen 31;Perstorp;Heat, Return temp;68140037;ELV;12040995;CMi2110;07190000502471;NULL;NULL;OK;OK
815;Sagogatan 01;Perstorp;Heat, Return temp;68349272;ELV;12046834;CMi2110;0037282172811;NULL;NULL;OK;OK
816;Tomtebogatan 08;Perstorp;Heat, Return temp;68349215;ELV;12046890;CMi2110;+37282172766;NULL;NULL;OK;OK
817;Sagogatan 03;Perstorp;Heat, Return temp;68349275;ELV;12046843;CMi2110;0037282172820;NULL;NULL;OK;OK
818;Sagogatan 04;Perstorp;Heat, Return temp;68349216;ELV;12046906;CMi2110;0037282172583;NULL;NULL;OK;OK
820;Oderljungavägen 45;Perstorp;Heat, Return temp;68139955;ELV;12041058;CMi2110;07190000502458;NULL;NULL;OK;OK
821;Tomtebogatan 06;Perstorp;Heat, Return temp;68349309;ELV;12046962;CMi2110;0037282172785;NULL;NULL;OK;OK
822;Trollgatan 03;Perstorp;Heat, Return temp;68349301;ELV;12046942;CMi2110;0037282172784;NULL;NULL;OK;OK
823;Trollgatan 05;Perstorp;Heat, Return temp;68349310;ELV;12046948;CMi2110;+37282172775;NULL;NULL;OK;OK
824;Tomtebogatan 12;Perstorp;Heat, Return temp;68349205;ELV;12046872;CMi2110;+37282172749;NULL;NULL;OK;OK
825;Tomtebogatan 14;Perstorp;Heat, Return temp;68349202;ELV;12046891;CMi2110;+37282172767;NULL;NULL;OK;OK
826;Tomtebogatan 16;Perstorp;Heat, Return temp;68349311;ELV;12046967;CMi2110;0037282172789;NULL;NULL;OK;OK
827;Trollgatan 07;Perstorp;Heat, Return temp;68349257;ELV;12046943;CMi2110;0037282172623;NULL;NULL;OK;OK
828;Tomtebogatan 23;Perstorp;Heat, Return temp;68349303;ELV;12046924;CMi2110;0037282172603;NULL;NULL;OK;OK
829;Tomtebogatan 25;Perstorp;Heat, Return temp;68349322;ELV;12046909;CMi2110;0037282172580;NULL;NULL;OK;OK
830;Tomtebogatan 27;Perstorp;Heat, Return temp;68349203;ELV;12046870;CMi2110;+37282172747;NULL;NULL;OK;OK
831;Tomtebogatan 29;Perstorp;Heat, Return temp;68349327;ELV;12046388;CMi2110;0037282172575;NULL;NULL;OK;OK
832;Tomtebogatan 31;Perstorp;Heat, Return temp;68349206;ELV;12046873;CMi2110;+37282172750;NULL;NULL;OK;OK
833;Trollgatan 09;Perstorp;Heat, Return temp;68349336;ELV;12046745;CMi2110;+37282172574;NULL;NULL;OK;OK
834;Trollgatan 11;Perstorp;Heat, Return temp;68349332;ELV;12046395;CMi2110;+37282172578;NULL;NULL;OK;OK
835;Gustavsborgsvägen 12;Perstorp;Heat, Return temp;67970109;ELV;12036871;CMi2110;07190000426211;NULL;NULL;OK;OK
836;Gustavsborgsvägen 14;Perstorp;Heat, Return temp;67970131;ELV;12036875;CMi2110;07190000426225;NULL;NULL;OK;OK
837;Snickaregatan 05;Perstorp;Heat, Return temp;67970045;ELV;12037347;CMi2110;07190000426163;NULL;NULL;OK;OK
838;Spjutserödsvägen 25;Perstorp;Heat, Return temp;67970140;ELV;12036894;CMi2110;07190000426233;NULL;NULL;OK;OK
839;Snickaregatan 07;Perstorp;Heat, Return temp;67970036;ELV;12036870;CMi2110;07190000426212;NULL;NULL;OK;OK
840;Notvägen 17;Perstorp;Heat, Return temp;68139942;ELV;12041055;CMi2110;07190000502449;NULL;NULL;OK;OK
841;Musikvägen 06;Perstorp;Heat, Return temp;68139935;ELV;12041047;CMi2110;07190000502447;NULL;NULL;OK;OK
842;Notvägen 18;Perstorp;Heat, Return temp;68140001;ELV;12041763;CMi2110;07190000502373;NULL;NULL;OK;OK
843;Notvägen 20;Perstorp;Heat, Return temp;68139988;ELV;12041781;CMi2110;07190000502376;NULL;NULL;OK;OK
844;Hässleholmsvägen 39;Perstorp;Heat, Return temp;67970071;ELV;12037292;CMi2110;07190000426103;NULL;NULL;OK;OK
845;Duvstigen 19;Perstorp;Heat, Return temp;68139928;ELV;12041733;CMi2110;07190000502412;NULL;NULL;OK;OK
846;Färgarevägen 05;Perstorp;Heat, Return temp;67970026;ELV;12037330;CMi2110;07190000426136;NULL;NULL;OK;OK
847;Klövergatan 20;Perstorp;Heat, Return temp;67970133;ELV;12036886;CMi2110;07190000426242;NULL;NULL;OK;OK
848;Spjutserödsvägen 05;Perstorp;Heat, Return temp;67970028;ELV;12037407;CMi2110;07190000426156;NULL;NULL;OK;OK
849;Porsvägen 27;Perstorp;Heat, Return temp;67190495;ELV;12031868;CMi2110;07190000435312;NULL;NULL;Felrapporterad;Felrapporterad
850;Mossvägen 22;Perstorp;Heat, Return temp;67606270;ELV;12031869;CMi2110;07190000355146;NULL;NULL;OK;OK
851;Verkstadsgatan 07;Perstorp;Heat, Return temp;67606235;ELV;12032020;CMi2110;07190000355044;NULL;NULL;OK;OK
852;Sångvägen 25;Perstorp;Heat, Return temp;68140020;ELV;12041792;CMi2110;07190000502388;NULL;NULL;OK;OK
853;Duvstigen 12;Perstorp;Heat, Return temp;68139931;ELV;12041749;CMi2110;07190000502421;NULL;NULL;OK;OK
854;Stockholmsvägen 02;Perstorp;Heat, Return temp;67841450;ELV;12035333;CMi2110;07190000417018;NULL;NULL;OK;OK
855;Körsbärsvägen 06;Perstorp;Heat, Return temp;67970055;ELV;12037083;CMi2110;07190000426207;NULL;NULL;OK;OK
856;Kolonigatan 06;Perstorp;Heat, Return temp;68139922;ELV;12041777;CMi2110;07190000502369;NULL;NULL;OK;OK
857;Porsvägen 03;Perstorp;Heat, Return temp;67970101;ELV;12037098;CMi2110;07190000426187;NULL;NULL;OK;OK
858;Hässleholmsvägen 06;Perstorp;Heat, Return temp;67606181;ELV;12032070;CMi2110;07190000355091;NULL;NULL;OK;OK
859;Stockholmsvägen 21;Perstorp;Heat, Return temp;67970087;ELV;12037086;CMi2110;07190000426193;NULL;NULL;OK;OK
860;Stockholmsvägen 19;Perstorp;Heat, Return temp;67970051;ELV;12037105;CMi2110;07190000426192;NULL;NULL;OK;OK
861;Duvstigen 15;Perstorp;Heat, Return temp;68139975;ELV;12041769;CMi2110;07190000502358;NULL;NULL;OK;OK
865;Parkvägen 30;Perstorp;Heat, Return temp;67970096;ELV;12036890;CMi2110;07190000426229;NULL;NULL;OK;OK
866;Jeans väg 27;Perstorp;Heat, Return temp;68139953;ELV;12041029;CMi2110;07190000502452;NULL;NULL;OK;OK
867;Jeans väg 41;Perstorp;Heat, Return temp;68349204;ELV;12046881;CMi2110;+37282172758;NULL;NULL;OK;OK
868;Färgarevägen 41;Perstorp;Heat, Return temp;67969996;ELV;12037317;CMi2110;07190000426124;NULL;NULL;OK;OK
869;Eldarevägen 02;Perstorp;Heat, Return temp;67841380;ELV;12035357;CMi2110;07190000417065;NULL;NULL;OK;OK
871;Alvägen 02;Perstorp;Heat, Return temp;67970013;ELV;12037319;CMi2110;07190000426126;NULL;NULL;OK;OK
872;Alvägen 04;Perstorp;Heat, Return temp;67841501;ELV;12035353;CMi2110;07190000417056;NULL;NULL;OK;OK
873;Alvägen 06;Perstorp;Heat, Return temp;67841510;ELV;12035380;CMi2110;07190000417040;NULL;NULL;OK;OK
874;Alvägen 08;Perstorp;Heat, Return temp;67841376;ELV;12035379;CMi2110;07190000417041;NULL;NULL;OK;OK
875;Alvägen 10;Perstorp;Heat, Return temp;67841474;ELV;12035320;CMi2110;07190000417029;NULL;NULL;OK;OK
877;Blåbärsstigen 10;Perstorp;Heat, Return temp;67606168;ELV;12031871;CMi2110;07190000355098;NULL;NULL;OK;OK
879;Ingenjörsvägen 01;Perstorp;Heat, Return temp;68139959;ELV;12041035;CMi2110;07190000502455;NULL;NULL;OK;OK
880;Parkvägen 55;Perstorp;Heat, Return temp;68349323;ELV;12046954;CMi2110;0037282172777;NULL;NULL;OK;OK
886;Färgarevägen 37;Perstorp;Heat, Return temp;67970010;ELV;12037311;CMi2110;07190000426110;NULL;NULL;OK;OK
887;Trastvägen 04;Perstorp;Heat, Return temp;67606172;ELV;12032054;CMi2110;07190000355070;NULL;NULL;OK;OK
889;Jeans väg 05;Perstorp;Heat, Return temp;68139937;ELV;12041032;CMi2110;07190000502444;NULL;NULL;OK;OK
890;Arons väg 13;Perstorp;Heat, Return temp;67606214;ELV;12031935;CMi2110;07190000355109;NULL;NULL;OK;OK
891;Aspvägen 02;Perstorp;Heat, Return temp;68139911;ELV;12040999;CMi2110;07190000502462;NULL;NULL;OK;OK
892;Bäckavägen 08;Perstorp;Heat, Return temp;68139926;ELV;12041028;CMi2110;07190000502443;NULL;NULL;OK;OK
893;Jeans väg 16;Perstorp;Heat, Return temp;68140046;ELV;12041030;CMi2110;07190000502426;NULL;NULL;OK;OK
894;Alvägen 09;Perstorp;Heat, Return temp;67841399;ELV;12035356;CMi2110;07190000417067;NULL;NULL;OK;OK
895;Färgarevägen 34;Perstorp;Heat, Return temp;67969999;ELV;12037307;CMi2110;07190000426116;NULL;NULL;OK;OK
896;Spjutserödsvägen 43;Perstorp;Heat, Return temp;67606246;ELV;12032035;CMi2110;07190000355057;NULL;NULL;OK;OK
897;Solparkens Förskola;Perstorp;Heat, Return temp;67606213;ELV;12031934;CMi2110;07190000355108;NULL;NULL;OK;OK
898;Mossvägen 17;Perstorp;Heat, Return temp;67606254;ELV;12031898;CMi2110;07190000355121;NULL;NULL;OK;OK
899;Stockholmsvägen 29;Perstorp;Heat, Return temp;67190477;ELV;12022363;CMi2110;07190000388979;NULL;NULL;OK;OK
900;Spelvägen 8;Perstorp;Heat, Return temp;67606229;ELV;12032002;CMi2110;07190000355049;NULL;NULL;OK;OK
086;Järnvägsgatan 29;Perstorp;Heat, Return temp;67190457;ELV;12022579;CMi2110;07190000388859;NULL;NULL;OK;OK
022;Köpmangatan 4;Perstorp;Heat, Return temp;67190478;ELV;12022335;CMi2110;07190000388931;NULL;NULL;OK;OK
901;Tjäderstigen 18;Perstorp;Heat, Return temp;67190523;ELV;12022322;CMi2110;07190000388914;NULL;NULL;OK;OK
040;"Jättegatan 17 ";Perstorp;Heat, Return temp;67606305;ELV;12031448;CMi2110;07190000355165;NULL;NULL;OK;OK
096;Verkstadsgatan 3;Perstorp;Heat, Return temp;67606211;ELV;12032047;CMi2110;07190000355060;NULL;NULL;OK;OK
090;Verkstadsgatan 1;Perstorp;Heat, Return temp;67606227;ELV;12032006;CMi2110;07190000355050;NULL;NULL;OK;OK
007;Torggatan 3;Perstorp;Heat, Return temp;67606244;ELV;12032052;CMi2110;07190000355061;NULL;NULL;OK;OK
029;Järnvägsgatan 25;Perstorp;Heat, Return temp;67606207;ELV;12031855;CMi2110;07190000355103;NULL;NULL;OK;OK
060;Bäckvägen 15;Perstorp;Heat, Return temp;67606167;ELV;12031931;CMi2110;07190000355106;NULL;NULL;OK;OK
024;Järnvägsgatan 15;Perstorp;Heat, Return temp;67606169;ELV;12031926;CMi2110;07190000355111;NULL;NULL;OK;OK
902;"Stockholmsvägen ";Perstorp;Heat, Return temp;67606303;ELV;12032059;CMi2110;07190000355071;NULL;NULL;OK;Larm
903;Tomtebogatan 10;Perstorp;Heat, Return temp;67841467;ELV;12035349;CMi2110;07190000417001;NULL;NULL;OK;OK
079;Skolstigen;Perstorp;Heat, Return temp;67841364;ELV;12035375;CMi2110;07190000417045;NULL;NULL;OK;OK
904;Parkvägen 25;Perstorp;Heat, Return temp;67970073;ELV;12037350;CMi2110;07190000426144;NULL;NULL;OK;OK
905;Spelvägen 15;Perstorp;Heat, Return temp;67606158;ELV;12032045;CMi2110;07190000435308;NULL;NULL;OK;OK
906;Notvägen 5;Perstorp;Heat, Return temp;67970142;ELV;12036863;CMi2110;07190000426217;NULL;NULL;OK;OK
082;Parkvägen 3;Perstorp;Heat, Return temp;68139915;ELV;12041732;CMi2110;07190000502394;NULL;NULL;OK;OK
051;Jättegatan 16;Perstorp;Heat, Return temp;68139920;ELV;12040997;CMi2110;07190000502463;NULL;NULL;OK;Larm
050;Jättegatan 14;Perstorp;Heat, Return temp;68140016;ELV;12041715;CMi2110;07190000502389;NULL;NULL;OK;Larm
030;Jättegatan 1;Perstorp;Heat, Return temp;68139912;ELV;12041757;CMi2110;07190000502372;NULL;NULL;OK;Larm
031;Jättegatan 3;Perstorp;Heat, Return temp;68140024;ELV;12041790;CMi2110;07190000502386;NULL;NULL;OK;Larm
018;Dvärggatan 3;Perstorp;Heat, Return temp;68139960;ELV;12041746;CMi2110;07190000502419;NULL;NULL;OK;OK
017;Dvärggatan 5;Perstorp;Heat, Return temp;68139905;ELV;12041787;CMi2110;07190000502382;NULL;NULL;OK;OK
908;Fasanvägen 29;Perstorp;Heat, Return temp;68139941;ELV;12041042;CMi2110;07190000502446;NULL;NULL;OK;OK
910;Spjutserödsvägen 23;Perstorp;Heat, Return temp;68139930;ELV;12041060;CMi2110;07190000502459;NULL;NULL;OK;Larm
911;Skrivarevägen 8;Perstorp;Heat, Return temp;68349212;ELV;12046875;CMi2110;0037282172752;NULL;NULL;OK;OK
035;Jättegatan 23;Perstorp;Heat, Return temp;68349246;ELV;12046928;CMi2110;0037282172602;NULL;NULL;OK;OK
907;Mossvägen 30;Perstorp;Heat, Return temp;68349233;ELV;12046921;CMi2110;0037282172606;NULL;NULL;OK;OK
912;Klockarevägen 5;Perstorp;Heat, Return temp;68349242;ELV;12046941;CMi2110;0037282172612;NULL;NULL;OK;OK
913;Industrigatan 7;Perstorp;Heat, Return temp;68349251;ELV;12046979;CMi2110;0037282172801;NULL;NULL;OK;OK
914;Lärkvägen 13;Perstorp;Heat, Return temp;68349234;ELV;12046917;CMi2110;0037282172799;NULL;NULL;OK;OK
915;Arons väg 22;Perstorp;Heat, Return temp;67606236;ELV;12032042;CMi2110;0037283021617;NULL;NULL;OK;OK
916;Fasanvägen 38;Perstorp;Heat, Return temp;68349207;ELV;12046866;CMi2110;+37282172743;NULL;NULL;OK;OK
918;Jeans park;Perstorp;Heat, Return temp;68349308;ELV;12046965;CMi2110;0037282172786;NULL;NULL;OK;OK
