42402519;Källargatan 2;Älmhult;Heat, Return temp;56931;ELV;12000747;CMi2110;0727328490;NULL;NULL;OK;OK
42413083;Sunnerbogatan 18;Älmhult;Heat, Return temp;56904;ELV;12001076;CMi2110;0727430938;NULL;NULL;OK;OK
42543138;Frodegatan 11;Älmhult;Heat, Return temp;56979;ELV;12001430;CMi2110;0722453278;NULL;NULL;Felrapporterad;Felrapporterad
41934412;Vargstigen 6;Älmhult;Heat, Return temp;56919;ELV;12001433;CMi2110;0727344731;NULL;NULL;OK;OK
42698646;Dalgatan 18;Älmhult;Heat, Return temp;56859;ELV;12001497;CMi2110;0722453293;NULL;NULL;OK;OK
42365069;Östra Gölshultsvägen 5;Älmhult;Heat, Return temp;59380;ELV;12000616;CMi2110;0761460979;NULL;NULL;OK;OK
42409904;Östergatan 36;Älmhult;Heat, Return temp;59425;ELV;12001408;CMi2110;0761463661;NULL;NULL;OK;OK
42364841;Östergatan 48;Älmhult;Heat, Return temp;59465;ELV;12000801;CMi2110;0761458512;NULL;NULL;OK;OK
42364956;Östergatan 46;Älmhult;Heat, Return temp;59452;ELV;12001276;CMi2110;0761464137;NULL;NULL;OK;OK
42364837;Östergatan 52;Älmhult;Heat, Return temp;59454;ELV;12000896;CMi2110;0761462407;NULL;NULL;OK;OK
42561698;Dalgatan 8;Älmhult;Heat, Return temp;59458;ELV;12000740;CMi2110;0761456768;NULL;NULL;OK;OK
42364962;Dalgatan 23;Älmhult;Heat, Return temp;59423;ELV;12001163;CMi2110;0761457480;NULL;NULL;OK;OK
42432520;Dalagatan 32;Älmhult;Heat, Return temp;59367;ELV;12001295;CMi2110;0761463643;NULL;NULL;OK;OK
42438128;Dalagatan 33;Älmhult;Heat, Return temp;59378;ELV;12001366;CMi2110;0761462311;NULL;NULL;OK;OK
42432126;Dalgatan 34;Älmhult;Heat, Return temp;59379;ELV;12000830;CMi2110;0761463994;NULL;NULL;OK;OK
42478222;Dalagatan 35;Älmhult;Heat, Return temp;59443;ELV;12001217;CMi2110;0761462856;NULL;NULL;OK;OK
42671296;Dalgatan 38;Älmhult;Heat, Return temp;59388;ELV;12001293;CMi2110;0761462884;NULL;NULL;OK;OK
42411152;Dalgatan 43;Älmhult;Heat, Return temp;59374;ELV;12001051;CMi2110;0761464013;NULL;NULL;OK;OK
42365192;Dalgatan 48;Älmhult;Heat, Return temp;59429;ELV;12001216;CMi2110;0761462877;NULL;NULL;OK;OK
42521669;Dalgatan 47;Älmhult;Heat, Return temp;59403;ELV;12000694;CMi2110;0761465208;NULL;NULL;OK;OK
42431544;Dalgatan 49;Älmhult;Heat, Return temp;59397;ELV;12001120;CMi2110;0761462804;NULL;NULL;OK;OK
42365813;Dalgatan 57;Älmhult;Heat, Return temp;59406;ELV;12000655;CMi2110;0761465228;NULL;NULL;OK;OK
42364960;Elmiers väg 2;Älmhult;Heat, Return temp;59409;ELV;12000677;CMi2110;0761462710;NULL;NULL;OK;OK
42365811;Elmiers väg 10;Älmhult;Heat, Return temp;59436;ELV;12001345;CMi2110;0761460464;NULL;NULL;OK;OK
42428781;Elmiers väg 16;Älmhult;Heat, Return temp;59376;ELV;12000949;CMi2110;0761462497;NULL;NULL;OK;OK
42376482;Elmiers väg 18;Älmhult;Heat, Return temp;59430;ELV;12001409;CMi2110;0761461481;NULL;NULL;OK;OK
42364842;Elmiers väg 20;Älmhult;Heat, Return temp;59381;ELV;12000840;CMi2110;0761461042;NULL;NULL;OK;OK
42364825;Elmiers väg 22;Älmhult;Heat, Return temp;59377;ELV;12000841;CMi2110;0761459104;NULL;NULL;OK;OK
42662170;Päronvägen 6;Älmhult;Heat, Return temp;59466;ELV;12001350;CMi2110;0761460139;NULL;NULL;OK;OK
42362106;Östergatan 56;Älmhult;Heat, Return temp;59457;ELV;12000745;CMi2110;0761457183;NULL;NULL;OK;OK
42542952;Radhusvägen 2C;Älmhult;Heat, Return temp;59459;ELV;12000752;CMi2110;0761456735;NULL;NULL;OK;OK
42365195;Radhusvägen 2A;Älmhult;Heat, Return temp;59456;ELV;12000814;CMi2110;0761458934;NULL;NULL;OK;OK
42545898;Radhusvägen 2D;Älmhult;Heat, Return temp;59444;ELV;12001309;CMi2110;0761461827;NULL;NULL;OK;OK
42360550;Radhusvägen 2E;Älmhult;Heat, Return temp;59402;ELV;12001028;CMi2110;0761460375;NULL;NULL;OK;OK
42531281;Radhusvägen 5;"Älmhult";Heat, Return temp;59464;ELV;12000876;CMi2110;0761464331;NULL;NULL;OK;OK
42365894;Radhusvägen 12;Älmhult;Heat, Return temp;59462;ELV;12001228;CMi2110;0761462708;NULL;NULL;OK;OK
42365082;Radhusvägen 14;Älmhult;Heat, Return temp;59449;ELV;12001203;CMi2110;0761458967;NULL;NULL;OK;OK
42364953;Radhusvägen 16;Älmhult;Heat, Return temp;59455;ELV;12001388;CMi2110;0761459318;NULL;NULL;OK;OK
42361187;Radhusvägen 18;Älmhult;Heat, Return temp;59453;ELV;12001198;CMi2110;0761462108;NULL;NULL;OK;OK
42359565;Radhusvägen 21;Älmhult;Heat, Return temp;59373;ELV;12000894;CMi2110;0761462440;NULL;NULL;OK;OK
42364961;Östergatan 58;Älmhult;Heat, Return temp;59450;ELV;12001338;CMi2110;0761460379;NULL;NULL;OK;OK
42364820;Radhusvägen 23;Älmhult;Heat, Return temp;59391;ELV;12001044;CMi2110;0761463326;NULL;NULL;OK;OK
42359551;Radhusvägen 25;Älmhult;Heat, Return temp;59445;ELV;12000736;CMi2110;0761461209;NULL;NULL;OK;OK
42360604;Radhusvägen 27;Älmhult;Heat, Return temp;60557;ELV;12003371;CMi2110;0722022837;NULL;NULL;OK;OK
42365066;Radhusvägen 33;Älmhult;Heat, Return temp;59394;ELV;12000615;CMi2110;0761463638;NULL;NULL;OK;OK
42402444;Radhusvägen 29;Älmhult;Heat, Return temp;59447;ELV;12000769;CMi2110;0761458962;NULL;NULL;OK;OK
42688267;Radhusvägen 31;Älmhult;Heat, Return temp;60800;ELV;12003501;CMi2110;0722457255;NULL;NULL;OK;OK
41934391;Vargstigen 3;Älmhult;Heat, Return temp;59439;ELV;12000805;CMi2110;0761463357;NULL;NULL;OK;OK
42365181;Östergatan 54;Älmhult;Heat, Return temp;59440;ELV;12000699;CMi2110;0761463124;NULL;NULL;OK;OK
42365081;Radhusvägen 37;Älmhult;Heat, Return temp;59442;ELV;12001209;CMi2110;0761461954;NULL;NULL;OK;OK
41999209;Gärdesgatan 3;Älmhult;Heat, Return temp;59371;ELV;12001419;CMi2110;0761463389;NULL;NULL;OK;OK
42402520;Granvägen 6;Älmhult;Heat, Return temp;60482;ELV;12002791;CMi2110;0727265121;NULL;NULL;OK;OK
42016837;Östergatan 20;Älmhult;Heat, Return temp;59451;ELV;12000828;CMi2110;0761463991;NULL;NULL;OK;OK
42415172;Granvägen 8;Älmhult;Heat, Return temp;59416;ELV;12000704;CMi2110;0761459452;NULL;NULL;OK;OK
42541720;Frodegatan 8;Älmhult;Heat, Return temp;59393;ELV;12000792;CMi2110;0761462343;NULL;NULL;OK;OK
42364840;Östergatan 62;Älmhult;Heat, Return temp;59461;ELV;12000738;CMi2110;0761461250;NULL;NULL;OK;OK
42404557;Granvägen 10;Älmhult;Heat, Return temp;59420;ELV;12001182;CMi2110;0761460686;NULL;NULL;OK;OK
42016741;Gärdesgatan 5;Älmhult;Heat, Return temp;59392;ELV;12001004;CMi2110;0761464115;NULL;NULL;OK;OK
42542071;Sölvegatan 8;Älmhult;Heat, Return temp;59400;ELV;12001298;CMi2110;0761457691;NULL;NULL;OK;OK
42671295;Pomonavägen 3;Älmhult;Heat, Return temp;56874;ELV;12000947;CMi2110;0727344574;NULL;NULL;OK;OK
42535817;Frodegatan 7;Älmhult;Heat, Return temp;59395;ELV;12000798;CMi2110;0761463069;NULL;NULL;OK;OK
42572575;Frodegatan 22A;Älmhult;Heat, Return temp;59441;ELV;12000922;CMi2110;0761462450;NULL;NULL;OK;OK
41992789;Källargatan 10;Älmhult;Heat, Return temp;59431;ELV;12000678;CMi2110;0761463710;NULL;NULL;OK;OK
42365702;Radhusvägen 35;Älmhult;Heat, Return temp;59448;ELV;12000936;CMi2110;0761462312;NULL;NULL;OK;OK
42541715;Sölvegatan 16;Älmhult;Heat, Return temp;59437;ELV;12000623;CMi2110;0761462584;NULL;NULL;OK;OK
42402516;Granvägen 2;Älmhult;Heat, Return temp;59372;ELV;12000905;CMi2110;0761462709;NULL;NULL;OK;OK
42019815;Gärdesgatan 12;Älmhult;Heat, Return temp;59414;ELV;12001240;CMi2110;0761459340;NULL;NULL;OK;OK
42361184;Elmiers väg 28;Älmhult;Heat, Return temp;59385;ELV;12001223;CMi2110;0761457768;NULL;NULL;OK;OK
42469432;Ekvägen 2;Älmhult;Heat, Return temp;59375;ELV;12001226;CMi2110;0761462567;NULL;NULL;OK;OK
42541806;Sölvegatan 10;Älmhult;Heat, Return temp;59408;ELV;12001101;CMi2110;0761460546;NULL;NULL;OK;OK
42574081;Frodegatan 6;Älmhult;Heat, Return temp;59368;ELV;12001005;CMi2110;0761465194;NULL;NULL;OK;OK
42402515;Granvägen 14;Älmhult;Heat, Return temp;59370;ELV;12000977;CMi2110;0761458196;NULL;NULL;OK;OK
42541918;Frodegatan 28;Älmhult;Heat, Return temp;59386;ELV;12001355;CMi2110;0761460413;NULL;NULL;OK;OK
42402447;Granvägen 12;Älmhult;Heat, Return temp;59387;ELV;12001144;CMi2110;0761456562;NULL;NULL;OK;OK
42569785;Frodegatan 8A;Älmhult;Heat, Return temp;59390;ELV;12006138;CMi2110;0761459942;NULL;NULL;OK;OK
42408751;Granvägen 4;Älmhult;Heat, Return temp;89922;ELV;12032684;CMi2110;0037282073499;NULL;NULL;OK;OK
42549952;Frodegatan 4;Älmhult;Heat, Return temp;59412;ELV;12000703;CMi2110;0761464123;NULL;NULL;OK;OK
42541972;Frodegatan 23;Älmhult;Heat, Return temp;59418;ELV;12000716;CMi2110;0761463197;NULL;NULL;OK;OK
42569862;Frodegatan 27;Älmhult;Heat, Return temp;59422;ELV;12000966;CMi2110;0761463601;NULL;NULL;OK;OK
42402432;Granvägen 16;Älmhult;Heat, Return temp;59446;ELV;12001046;CMi2110;0761458657;NULL;NULL;OK;OK
42566352;Frodegatan 22;Älmhult;Heat, Return temp;59434;ELV;12001289;CMi2110;0761464680;NULL;NULL;OK;OK
42432562;Dalgatan 46;Älmhult;Heat, Return temp;59369;ELV;12000748;CMi2110;0761463484;NULL;NULL;OK;OK
41933466;Östergatan 9;Älmhult;Heat, Return temp;37800;LUG;12001953;CMi2110;0761142003;NULL;NULL;OK;OK
42723429;Södra Krongatan 11;Älmhult;Heat, Return temp;57009;ELV;12000639;CMi2110;0761277965;NULL;NULL;OK;OK
42723256;Kungsgatan 23;Älmhult;Heat, Return temp;56819;ELV;12000987;CMi2110;0761094542;NULL;NULL;OK;OK
42732887;Älmhults Prästgård;Älmhult;Heat, Return temp;56755;ELV;12001049;CMi2110;0761040045;NULL;NULL;OK;OK
42723960;Eriksgatan 6;Älmhult;Heat, Return temp;57005;ELV;12030417;CMi2110;07190000354746;NULL;NULL;OK;OK
42615324;Stålgatan 6;Älmhult;Heat, Return temp;34607;LUG;6003142;CMe2100;0767674891;NULL;NULL;OK;OK
42708878;Skånevägen 26;Älmhult;Heat, Return temp;7589;LUG;6025285;CMi2110;0037283021460;NULL;NULL;OK;OK
42702480;Kungsgatan 25;Älmhult;Heat, Return temp;49908;ELV;6003217;CMe2100;0767723163;NULL;NULL;OK;OK
42708875;Skånevägen 26;Älmhult;Heat, Return temp;98688;LUG;6003216;CMe2100;0767673628;NULL;NULL;OK;OK
42690020;Solrosvägen 5;Älmhult;Heat, Return temp;49904;ELV;6001372;CMe2100;0767736864;NULL;NULL;OK;OK
42723702;Ikeagatan;Älmhult;Heat, Return temp;98610;LUG;6003129;CMe2100;0767673460;NULL;NULL;OK;OK
42733770;Kyrkan;Älmhult;Heat, Return temp;57125;ELV;12001451;CMi2110;0761285382;NULL;NULL;OK;OK
42680006;Solrosvägen 6;Älmhult;Heat, Return temp;56967;ELV;12000707;CMi2110;0761102543;NULL;NULL;OK;OK
41933934;Gärdesgatan 11;Älmhult;Heat, Return temp;60421;ELV;12003039;CMi2110;0727275574;NULL;NULL;OK;OK
41934006;Gärdesgatan 6;Älmhult;Heat, Return temp;60446;ELV;12002908;CMi2110;0767646625;NULL;NULL;OK;OK
41934013;Gärdesgatan 13;Älmhult;Heat, Return temp;60416;ELV;12002967;CMi2110;0727275563;NULL;NULL;OK;OK
41934019;Gärdesgatan 15;Älmhult;Heat, Return temp;60431;ELV;12003012;CMi2110;0727275715;NULL;NULL;OK;OK
41934355;Radhusvägen 2 B;Älmhult;Heat, Return temp;60440;ELV;12002980;CMi2110;0767672113;NULL;NULL;OK;OK
41934349;Radhusvägen 2 F;Älmhult;Heat, Return temp;60408;ELV;12002978;CMi2110;0727275608;NULL;NULL;OK;OK
41934336;Radhusvägen 1;Älmhult;Heat, Return temp;60415;ELV;12002952;CMi2110;0722249978;NULL;NULL;OK;OK
41934341;Radhusvägen 3;Älmhult;Heat, Return temp;60428;ELV;12002727;CMi2110;0767670136;NULL;NULL;OK;OK
41934516;Radhusvägen 17;Älmhult;Heat, Return temp;60405;ELV;12002965;CMi2110;0727275614;NULL;NULL;OK;OK
42713491;Päronvägen 3;Älmhult;Heat, Return temp;57072;ELV;12000803;CMi2110;0761105920;NULL;NULL;OK;OK
41934428;Vargstigen 10;Älmhult;Heat, Return temp;60438;ELV;12003028;CMi2110;0727275570;NULL;NULL;OK;OK
41934271;Storgatan 8;Älmhult;Heat, Return temp;60447;ELV;12003026;CMi2110;0727275576;NULL;NULL;OK;OK
41934362;Östergatan 17;Älmhult;Heat, Return temp;60442;ELV;12002873;CMi2110;0722026933;NULL;NULL;OK;OK
41934406;Vargstigen 5;Älmhult;Heat, Return temp;60403;ELV;12002771;CMi2110;0727275543;NULL;NULL;OK;OK
41934510;Eriksgatan 18;Älmhult;Heat, Return temp;60432;ELV;12002966;CMi2110;0727275531;NULL;NULL;OK;OK
41934368;Eriksgatan 16;Älmhult;Heat, Return temp;60441;ELV;12002830;CMi2110;0767704936;NULL;NULL;OK;OK
41934381;Vargstigen 1;Älmhult;Heat, Return temp;60439;ELV;12002817;CMi2110;0727275542;NULL;NULL;OK;OK
41934424;Vargstigen 8;Älmhult;Heat, Return temp;60435;ELV;12002801;CMi2110;0722010770;NULL;NULL;OK;OK
42717549;Gärdesgatan 9;Älmhult;Heat, Return temp;60564;ELV;12003430;CMi2110;0722056938;NULL;NULL;OK;OK
42432565;Dalgatan 30;Älmhult;Heat, Return temp;59405;ELV;12001301;CMi2110;0761459057;NULL;NULL;OK;OK
42572779;Frodegatan 10;Älmhult;Heat, Return temp;59384;ELV;12001210;CMi2110;0761463989;NULL;NULL;OK;OK
41934388;Vargstigen 2;Älmhult;Heat, Return temp;60414;ELV;12002734;CMi2110;0727275583;NULL;NULL;OK;OK
41934416;Vargstigen 7;Älmhult;Heat, Return temp;60418;ELV;12002982;CMi2110;0727275613;NULL;NULL;OK;OK
42535986;Industrigatan 2;Älmhult;Heat, Return temp;47055;ELV;6001720;CMe2100;0767723052;NULL;NULL;OK;OK
42614479;Stålgatan 1;Älmhult;Heat, Return temp;48277;LUG;6003197;CMe2100;0767723154;NULL;NULL;OK;OK
42492578;Paradisvägen 13;Älmhult;Heat, Return temp;59382;ELV;12001206;CMi2110;0761462720;NULL;NULL;OK;OK
42676313;Västergatan 1;Älmhult;Heat, Return temp;49914;ELV;6002756;CMe2100;0767736599;NULL;NULL;OK;OK
41934371;Eriksgatan 17;Älmhult;Heat, Return temp;60425;ELV;12002726;CMi2110;0767694895;NULL;NULL;OK;OK
41934398;Vargstigen 4;Älmhult;Heat, Return temp;60422;ELV;12002917;CMi2110;0767670510;NULL;NULL;OK;OK
41934344;Radhusvägen 15;Älmhult;Heat, Return temp;60434;ELV;12002793;CMi2110;0722243437;NULL;NULL;OK;OK
41933923;Källargatan 24;Älmhult;Heat, Return temp;60412;ELV;12003034;CMi2110;0767707173;NULL;NULL;OK;OK
42694969;Hantverksgatan 7;Älmhult;Heat, Return temp;49906;ELV;6003128;CMe2100;0767732948;NULL;NULL;OK;OK
42680000;"Stallgatan ";Älmhult;Heat, Return temp;96252;LUG;6003112;CMe2100;0767723196;NULL;NULL;OK;OK
42578999;Södra Ringvägen 1;Älmhult;Heat, Return temp;54430;LUG;6003198;CMe2100;0767674628;NULL;NULL;OK;OK
42691250;"Stallgatan ";Älmhult;Heat, Return temp;34615;LUG;6003108;CMe2100;0767723217;NULL;NULL;OK;OK
42691516;"Stallgatan ";Älmhult;Heat, Return temp;43286;LUG;6018402;CMe2100;0767734818;NULL;NULL;OK;OK
41934000;Gärdesgatan 4;Älmhult;Heat, Return temp;60409;ELV;12002977;CMi2110;0727272318;NULL;NULL;OK;OK
42448667;Delaryvägen 5;Älmhult;Heat, Return temp;59419;ELV;12001188;CMi2110;0761460718;NULL;NULL;OK;OK
41999772;Hyacintvägen 16;Älmhult;Heat, Return temp;59438;ELV;12001330;CMi2110;0761461295;NULL;NULL;OK;OK
41933747;Prinsgatan 5;Älmhult;Heat, Return temp;59432;ELV;12000864;CMi2110;0761461975;NULL;NULL;OK;OK
42486229;Norregårdsgatan 93;Älmhult;Heat, Return temp;59407;ELV;12000620;CMi2110;0761462889;NULL;NULL;OK;OK
42480715;Hjortvägen 45;Älmhult;Heat, Return temp;59411;ELV;12000626;CMi2110;0761463345;NULL;NULL;OK;OK
42516884;"Bäckgatan ";Älmhult;Heat, Return temp;96439;LUG;6002259;CMe2100;0767719314;NULL;NULL;OK;OK
42473105;Aromavägen 2;Älmhult;Heat, Return temp;60510;ELV;12002572;CMi2110;0727265085;NULL;NULL;OK;OK
42751757;Päronvägen 5;Älmhult;Heat, Return temp;56968;ELV;12054547;CMi2110;0761165364;NULL;NULL;OK;OK
41934464;Vargstigen 15;Älmhult;Heat, Return temp;60444;ELV;12002794;CMi2110;0767669691;NULL;NULL;OK;OK
41934449;Vargstigen 12;Älmhult;Heat, Return temp;60423;ELV;12002969;CMi2110;0767704869;NULL;NULL;OK;OK
41934459;Vargstigen 14;Älmhult;Heat, Return temp;60411;ELV;12003004;CMi2110;0727275689;NULL;NULL;OK;OK
41934452;Vargstsigen 13;Älmhult;Heat, Return temp;60087;ELV;12003027;CMi2110;0767670884;NULL;NULL;OK;OK
41934255;Vintervägen 12;Älmhult;Heat, Return temp;60096;ELV;12003040;CMi2110;0722249763;NULL;NULL;OK;OK
41934082;Vintervägen 7;Älmhult;Heat, Return temp;60091;ELV;12003016;CMi2110;0727273985;NULL;NULL;OK;OK
41934142;Vintervägen 1;Älmhult;Heat, Return temp;60100;ELV;12002616;CMi2110;0767670773;NULL;NULL;OK;OK
41934063;Vintervägen 2;Älmhult;Heat, Return temp;60433;ELV;12003006;CMi2110;0722252661;NULL;NULL;OK;OK
41934069;Vintervägen 3;Älmhult;Heat, Return temp;60413;ELV;12002996;CMi2110;0767669874;NULL;NULL;OK;OK
41934077;Vintervägen 6;Älmhult;Heat, Return temp;60099;ELV;12003038;CMi2110;0727275534;NULL;NULL;OK;OK
41934104;Vintervägen 14;Älmhult;Heat, Return temp;60097;ELV;12002802;CMi2110;0767679774;NULL;NULL;OK;OK
41933967;Källargatan 7;Älmhult;Heat, Return temp;60436;ELV;12002865;CMi2110;0767693545;NULL;NULL;OK;OK
41934098;Vintervägen 11;Älmhult;Heat, Return temp;60103;ELV;12003013;CMi2110;0727273976;NULL;NULL;OK;OK
41934133;Vintervägen 27;Älmhult;Heat, Return temp;60081;ELV;12002776;CMi2110;0727275685;NULL;NULL;OK;OK
41934113;Vintervägen 18;Älmhult;Heat, Return temp;60092;ELV;12003024;CMi2110;0767673172;NULL;NULL;OK;OK
41934087;Vintervägen 8;Älmhult;Heat, Return temp;60080;ELV;12002923;CMi2110;0767669717;NULL;NULL;OK;OK
41934163;Västra Björkgatan 6;Älmhult;Heat, Return temp;60077;ELV;12002993;CMi2110;0722298112;NULL;NULL;OK;OK
41934058;Skolgatan 25;Älmhult;Heat, Return temp;60093;ELV;12002804;CMi2110;0722040945;NULL;NULL;OK;OK
41934150;Vintervägen 20 B;Älmhult;Heat, Return temp;60089;ELV;12003014;CMi2110;0727272286;NULL;NULL;OK;OK
41934124;Vintervägen 20 C;Älmhult;Heat, Return temp;60088;ELV;12002935;CMi2110;0722244187;NULL;NULL;OK;OK
41933943;Dalgatan 17;Älmhult;Heat, Return temp;60076;ELV;12002979;CMi2110;0727275609;NULL;NULL;OK;OK
41934175;Torsgatan 7;Älmhult;Heat, Return temp;60074;ELV;12002622;CMi2110;0767671817;NULL;NULL;OK;OK
41933914;Torsgatan 8;Älmhult;Heat, Return temp;60101;ELV;12003000;CMi2110;0767716331;NULL;NULL;OK;OK
41934043;Dalgatan 24;Älmhult;Heat, Return temp;60083;ELV;12003029;CMi2110;0727275598;NULL;NULL;OK;OK
41934047;Dalgatan 25;Älmhult;Heat, Return temp;60971;ELV;12004662;CMi2110;0037282172183;NULL;NULL;OK;OK
42755560;Tors plan 3;Älmhult;Heat, Return temp;60504;ELV;12002591;CMi2110;0727265076;NULL;NULL;OK;OK
41934038;Dalgatan 22;Älmhult;Heat, Return temp;60075;ELV;12002931;CMi2110;0727275615;NULL;NULL;OK;OK
41933988;Kungsgatan 24;Älmhult;Heat, Return temp;60085;ELV;12003011;CMi2110;0727275567;NULL;NULL;OK;OK
41933982;Kungsgatan 22;Älmhult;Heat, Return temp;60082;ELV;12003031;CMi2110;0767670859;NULL;NULL;OK;OK
41933976;Kungsgatan 20;Älmhult;Heat, Return temp;60079;ELV;12002811;CMi2110;0722382251;NULL;NULL;OK;OK
41934024;Dalgatan 16;Älmhult;Heat, Return temp;60078;ELV;12003019;CMi2110;0767670879;NULL;NULL;OK;OK
42752743;Källargatan 20;Älmhult;Heat, Return temp;60699;ELV;12003634;CMi2110;0727279896;NULL;NULL;OK;OK
41934109;Vintervägen 16;Älmhult;Heat, Return temp;60090;ELV;12002895;CMi2110;0767646504;NULL;NULL;OK;OK
41933893;Källargatan 8;Älmhult;Heat, Return temp;62422;ELV;12006463;CMi2110;0727295231;NULL;NULL;OK;OK
41934201;Östergatan 28;Älmhult;Heat, Return temp;62537;ELV;12004119;CMi2110;0727298985;NULL;NULL;OK;OK
41934214;S Esplanaden 25;Älmhult;Heat, Return temp;62529;ELV;12003810;CMi2110;0727299313;NULL;NULL;OK;OK
41933995;Kungsgatan 33;Älmhult;Heat, Return temp;60419;ELV;12002837;CMi2110;0722042038;NULL;NULL;OK;OK
41933957;Kungsgatan 31;Älmhult;Heat, Return temp;60084;ELV;12002843;CMi2110;0767693316;NULL;NULL;OK;OK
41933919;Freja plan 3;Älmhult;Heat, Return temp;60508;ELV;12002575;CMi2110;0727265192;NULL;NULL;OK;OK
41934155;Baldersgatan 8;Älmhult;Heat, Return temp;60407;ELV;12002885;CMi2110;0767683437;NULL;NULL;OK;OK
41934262;Källargatan 4;Älmhult;Heat, Return temp;60086;ELV;12002955;CMi2110;0767673638;NULL;NULL;OK;OK
41934196;Östergatan 22;Älmhult;Heat, Return temp;62563;ELV;12004116;CMi2110;0727298996;NULL;NULL;OK;OK
42743133;Källargatan 16;Älmhult;Heat, Return temp;60679;ELV;12003575;CMi2110;0727279912;NULL;NULL;OK;OK
41934159;Västra Björkgatan 3;Älmhult;Heat, Return temp;62572;ELV;12004052;CMi2110;0727295292;NULL;NULL;OK;OK
42689919;Päronvägen 1;Älmhult;Heat, Return temp;59426;ELV;12001335;CMi2110;0761461927;NULL;NULL;OK;OK
41933391;Baldersgatan 5;Älmhult;Heat, Return temp;60850;ELV;12003581;CMi2110;0727280149;NULL;NULL;OK;OK
41933397;Källargatan 15;Älmhult;Heat, Return temp;69455;ELV;12011262;CMi2110;0725215561;NULL;NULL;OK;OK
41933403;Källargatan 26;Älmhult;Heat, Return temp;69478;ELV;12011325;CMi2110;0725214784;NULL;NULL;OK;OK
41933409;Baldersgatan 15;Älmhult;Heat, Return temp;73896;ELV;12011337;CMi2110;0722412454;NULL;NULL;OK;OK
41933416;N Krongatan;Älmhult;Heat, Return temp;69463;ELV;12011287;CMi2110;0725215234;NULL;NULL;OK;OK
41933420;Baldersgatan 32;Älmhult;Heat, Return temp;69449;ELV;12011291;CMi2110;0725215329;NULL;NULL;OK;OK
41933425;Ö Esplanaden 15;Älmhult;Heat, Return temp;69559;ELV;12011233;CMi2110;0722478429;NULL;NULL;OK;OK
41933431;Östra Esplanaden 6;Älmhult;Heat, Return temp;69782;ELV;12011348;CMi2110;0722223542;NULL;NULL;OK;OK
41933436;S Krong 3 - Östergat;Älmhult;Heat, Return temp;69475;ELV;12011327;CMi2110;0725215148;NULL;NULL;OK;OK
41933439;Ö Esplanaden 3;Älmhult;Heat, Return temp;73842;ELV;12011286;CMi2110;0722339422;NULL;NULL;OK;OK
41933444;Köpmangatan 31;Älmhult;Heat, Return temp;75360;ELV;12006264;CMi2110;07190000315865;NULL;NULL;OK;OK
41933450;N Krongatan 8;Älmhult;Heat, Return temp;75381;ELV;12006099;CMi2110;07190000315878;NULL;NULL;OK;OK
41933454;N Krongatan 5;Älmhult;Heat, Return temp;68136;ELV;12011866;CMi2110;07190000240698;NULL;NULL;OK;OK
41933458;Norra Krongatan 3;Älmhult;Heat, Return temp;68158;ELV;12011646;CMi2110;07190000240617;NULL;NULL;OK;OK
41933472;Prinsgatan 14;Älmhult;Heat, Return temp;69784;ELV;12011185;CMi2110;0725434134;NULL;NULL;OK;OK
41933476;Danska vägen 4;Älmhult;Heat, Return temp;73893;ELV;12011317;CMi2110;0725214783;NULL;NULL;OK;OK
41933480;Brogatan 8;Älmhult;Heat, Return temp;68268;ELV;12009396;CMi2110;07190000240046;NULL;NULL;OK;OK
41933489;Brogatan 7;Älmhult;Heat, Return temp;69472;ELV;12011143;CMi2110;0722338515;NULL;NULL;OK;OK
41933493;Skolgatan 12;Älmhult;Heat, Return temp;69418;ELV;12011246;CMi2110;0722392051;NULL;NULL;OK;OK
41933501;Silverdalsgatan 6;Älmhult;Heat, Return temp;75364;ELV;12006187;CMi2110;0037283351034;NULL;NULL;OK;OK
41933504;Lönngatan 1;Älmhult;Heat, Return temp;69458;ELV;12011283;CMi2110;0725215296;NULL;NULL;OK;OK
41933510;Kulturhuset Blohme, Obj 1501;Älmhult;Heat, Return temp;69433;ELV;12011210;CMi2110;0725331578;NULL;NULL;OK;OK
41933520;Eriksgatan 23;Älmhult;Heat, Return temp;73875;ELV;12011312;CMi2110;0725215581;NULL;NULL;OK;OK
41933528;Eriksgatan 13;Älmhult;Heat, Return temp;68114;ELV;12011671;CMi2110;07190000240614;NULL;NULL;OK;OK
41933533;Köpmangatan 19;Älmhult;Heat, Return temp;60758;ELV;12003582;CMi2110;0727280059;NULL;NULL;OK;OK
41933537;Eriksgatan 9;Älmhult;Heat, Return temp;60728;ELV;12003644;CMi2110;0727279405;NULL;NULL;OK;OK
41933541;Drottninggatan 8;Älmhult;Heat, Return temp;69439;ELV;12011314;CMi2110;0725214689;NULL;NULL;OK;OK
41933545;Eriksgatan 4;Älmhult;Heat, Return temp;34551;KAM;6008827;CMe2100;0722272657;NULL;NULL;OK;OK
41933549;Drottninggatan 2;Älmhult;Heat, Return temp;69408;ELV;12011160;CMi2110;0722206745;NULL;NULL;OK;OK
41933553;Stortorget;Älmhult;Heat, Return temp;34572;KAM;6008878;CMe2100;0725236473;NULL;NULL;OK;OK
41933556;Stortorget 4;Älmhult;Heat, Return temp;34569;KAM;6009004;CMe2100;0725236778;NULL;NULL;OK;OK
41933559;Knutsgatan 3;Älmhult;Heat, Return temp;69413;ELV;12011307;CMi2110;0722239804;NULL;NULL;OK;OK
41933564;Linnégatan 1;Älmhult;Heat, Return temp;29701;KAM;6009011;CMe2100;0725236598;NULL;NULL;OK;OK
41933570;Södra Parkgatan 2;Älmhult;Heat, Return temp;73841;ELV;12011169;CMi2110;0722286971;NULL;NULL;OK;OK
41933574;Stortorget 1;Älmhult;Heat, Return temp;69409;ELV;12011167;CMi2110;0722334826;NULL;NULL;OK;OK
41933579;Norra Parkgatan 1;Älmhult;Heat, Return temp;75299;ELV;12006375;CMi2110;0722269074;NULL;NULL;OK;OK
41933587;Stortorget 9;Älmhult;Heat, Return temp;69431;ELV;12011153;CMi2110;0722402699;NULL;NULL;OK;OK
41933592;Norra Esplanaden 3;Älmhult;Heat, Return temp;34556;KAM;6008984;CMe2100;0037283322897;NULL;NULL;OK;OK
41933596;Hantverksgatan 27;Älmhult;Heat, Return temp;68249;ELV;12011635;CMi2110;07190000240573;NULL;NULL;OK;OK
41933639;N Esplanaden;Älmhult;Heat, Return temp;69395;ELV;12011194;CMi2110;0722282817;NULL;NULL;OK;OK
41933642;N Esplanaden;Älmhult;Heat, Return temp;75373;ELV;12006364;CMi2110;0722223485;NULL;NULL;OK;OK
41933648;Hantverksgatan 9;Älmhult;Heat, Return temp;60871;ELV;12002762;CMi2110;0727275929;NULL;NULL;OK;OK
41933652;Hantverksgatan;Älmhult;Heat, Return temp;69414;ELV;12011334;CMi2110;0722415323;NULL;NULL;OK;OK
41933656;S Esplanaden 7;Älmhult;Heat, Return temp;73855;ELV;12011136;CMi2110;0722234774;NULL;NULL;OK;OK
41933662;Linnegatan;Älmhult;Heat, Return temp;29694;KAM;6008859;CMe2100;0722319174;NULL;NULL;OK;OK
41933667;Skolgatan 6;Älmhult;Heat, Return temp;60684;ELV;12003552;CMi2110;0727280124;NULL;NULL;OK;OK
41933672;S Esplanaden 24;Älmhult;Heat, Return temp;68655;ELV;12010022;CMi2110;07190000240149;NULL;NULL;OK;OK
41933678;Storgatan 4;Älmhult;Heat, Return temp;73858;ELV;12011195;CMi2110;07190000315743;NULL;NULL;OK;OK
41933684;Skolgatan 17;Älmhult;Heat, Return temp;62448;ELV;12003947;CMi2110;0727294788;NULL;NULL;OK;OK
41933690;Trädgårdsg 2 -38;Älmhult;Heat, Return temp;73850;ELV;12011260;CMi2110;0725215356;NULL;NULL;OK;OK
41933696;S Esplanaden 29;Älmhult;Heat, Return temp;60672;ELV;12003576;CMi2110;0727279869;NULL;NULL;OK;OK
41933707;Södra Esplanaden 27;Älmhult;Heat, Return temp;60650;ELV;12003683;CMi2110;0727279969;NULL;NULL;OK;OK
41933713;Södra Esplanaden 40;Älmhult;Heat, Return temp;29695;KAM;6008866;CMe2100;0722253993;NULL;NULL;OK;OK
41933718;Gärdesgatan 18;Älmhult;Heat, Return temp;29699;KAM;6003589;CMe2100;0722073030;NULL;NULL;OK;OK
41933729;Gärdesgatan 20;Älmhult;Heat, Return temp;29698;KAM;6005063;CMe2100;0727126596;NULL;NULL;OK;OK
41933733;Gärdesgatan 24;Älmhult;Heat, Return temp;29696;KAM;6003618;CMe2100;0722205485;NULL;NULL;OK;OK
41933739;Södra Esplanaden 3;Älmhult;Heat, Return temp;69394;ELV;12011237;CMi2110;0725215057;NULL;NULL;OK;OK
41933752;Prinsgatan 4;Älmhult;Heat, Return temp;68544;ELV;12011608;CMi2110;07190000240527;NULL;NULL;OK;OK
41933761;Prinsgatan 6;Älmhult;Heat, Return temp;60865;ELV;12002694;CMi2110;0727275891;NULL;NULL;OK;OK
41933768;Köpmangatan 18;Älmhult;Heat, Return temp;60554;ELV;12003423;CMi2110;0722054670;NULL;NULL;OK;OK
41933774;Norra Esplanaden 10;Älmhult;Heat, Return temp;60733;ELV;12003646;CMi2110;0722173222;NULL;NULL;OK;OK
41933780;Köpmang 25 , Hantverk;Älmhult;Heat, Return temp;69756;ELV;12011196;CMi2110;0037283147876;NULL;NULL;OK;OK
41933786;Norra Esplanaden 16;Älmhult;Heat, Return temp;75390;LUG;6008857;CMe2100;07190000315848;NULL;NULL;OK;OK
41933792;Norra Esplanaden 18;Älmhult;Heat, Return temp;29708;KAM;6008832;CMe2100;0725237074;NULL;NULL;OK;OK
41933799;Ikeagatan 1;Älmhult;Heat, Return temp;69481;ELV;12011305;CMi2110;0722471450;NULL;NULL;OK;OK
41933805;Västergatan 2;Älmhult;Heat, Return temp;60864;ELV;12002730;CMi2110;0727275724;NULL;NULL;OK;OK
41933813;Ikeagatan 5;Älmhult;Heat, Return temp;69538;ELV;12011322;CMi2110;0725215291;NULL;NULL;OK;OK
41933816;Ikeagatan 7;Älmhult;Heat, Return temp;69532;ELV;12011214;CMi2110;0725215315;NULL;NULL;OK;OK
41933822;Kontor/Studio;Älmhult;Heat, Return temp;69450;ELV;12011220;CMi2110;0722206313;NULL;NULL;OK;OK
41933827;Ikeagatan 4;Älmhult;Heat, Return temp;34536;KAM;6008862;CMe2100;0727126525;NULL;NULL;OK;OK
41933830;Hantverksgatan 24;Älmhult;Heat, Return temp;69762;ELV;12011347;CMi2110;0722221443;NULL;NULL;OK;OK
41933833;Kvarngatan 7;Älmhult;Heat, Return temp;29707;KAM;6008942;CMe2100;0722113477;NULL;NULL;OK;OK
41933841;Hantverksgatan 3;Älmhult;Heat, Return temp;34543;KAM;6008927;CMe2100;0037283147877;NULL;NULL;OK;OK
41933846;Knutsgatan 13;Älmhult;Heat, Return temp;69401;ELV;12011311;CMi2110;0725214697;NULL;NULL;OK;OK
41933851;Oxtorgsgatan 8;Älmhult;Heat, Return temp;34555;KAM;6008724;CMe2100;0727126639;NULL;NULL;OK;OK
41933858;Södra torggatan 2;Älmhult;Heat, Return temp;60656;ELV;12003715;CMi2110;0727279887;NULL;NULL;OK;OK
41933863;S Esplanaden 38;Älmhult;Heat, Return temp;75351;ELV;12006199;CMi2110;0722247184;NULL;NULL;OK;OK
41933869;Linnégatan;Älmhult;Heat, Return temp;69398;ELV;12011258;CMi2110;0725372942;NULL;NULL;OK;OK
41933876;Baldersgatan 19;Älmhult;Heat, Return temp;69760;ELV;12011224;CMi2110;0725215669;NULL;NULL;OK;OK
41933882;Eriksgatan 2;Älmhult;Heat, Return temp;34552;KAM;6008790;CMe2100;0722269971;NULL;NULL;OK;OK
41933887;Torngatan 9;Älmhult;Heat, Return temp;60638;ELV;12003701;CMi2110;0722499360;NULL;NULL;OK;OK
41933899;Tors plan 4;Älmhult;Heat, Return temp;68431;ELV;12008934;CMi2110;07190000240179;NULL;NULL;OK;OK
41933907;Freja plan 2;Älmhult;Heat, Return temp;68211;ELV;12011582;CMi2110;07190000240562;NULL;NULL;OK;OK
41933940;Ikeagatan 8;Älmhult;Heat, Return temp;69428;ELV;12011205;CMi2110;0725215066;NULL;NULL;OK;OK
41933953;Källargatan 12;Älmhult;Heat, Return temp;62514;ELV;12003748;CMi2110;0727292851;NULL;NULL;OK;OK
41934028;Dalgatan 20;Älmhult;Heat, Return temp;62531;ELV;12004126;CMi2110;0727298923;NULL;NULL;OK;OK
41934033;Dalgatan 21;Älmhult;Heat, Return temp;62528;ELV;12003686;CMi2110;0727294859;NULL;NULL;OK;OK
41934052;Västra Björkgatan 5;Älmhult;Heat, Return temp;62601;ELV;12004120;CMi2110;0727298771;NULL;NULL;OK;OK
41934090;Vintervägen 9;Älmhult;Heat, Return temp;62538;ELV;12003966;CMi2110;0727294526;NULL;NULL;OK;OK
41934118;Vintervägen 20;Älmhult;Heat, Return temp;62492;ELV;12003735;CMi2110;0727294855;NULL;NULL;OK;OK
41934128;Vintervägen 22;Älmhult;Heat, Return temp;62475;ELV;12003717;CMi2110;0727292556;NULL;NULL;OK;OK
41934138;Vintervägen 30;Älmhult;Heat, Return temp;61775;ELV;12003350;CMi2110;0727279233;NULL;NULL;OK;OK
41934146;Vintervägen 28;Älmhult;Heat, Return temp;62427;ELV;12004000;CMi2110;0727294513;NULL;NULL;OK;OK
41934169;Växjövägen 1;Älmhult;Heat, Return temp;62567;ELV;12004137;CMi2110;0727298979;NULL;NULL;OK;OK
41934182;Knutsgatan 23;Älmhult;Heat, Return temp;68598;ELV;12011856;CMi2110;07190000240648;NULL;NULL;OK;OK
41934190;Södra Esplanaden 19;Älmhult;Heat, Return temp;62455;ELV;12003928;CMi2110;0727294831;NULL;NULL;OK;OK
41934208;Storgatan 19;Älmhult;Heat, Return temp;69417;ELV;12011330;CMi2110;0722408627;NULL;NULL;OK;OK
41934267;E.ON Sverige;Älmhult;Heat, Return temp;69768;ELV;12011180;CMi2110;0722215249;NULL;NULL;OK;OK
41934277;Ikeagatan 6;Älmhult;Heat, Return temp;69487;ELV;12011360;CMi2110;0722417424;NULL;NULL;OK;OK
41934281;Hantverksgatan 19;Älmhult;Heat, Return temp;29703;KAM;6003654;CMe2100;0722051816;NULL;NULL;OK;OK
41934289;Oxtorgsgatan 8;Älmhult;Heat, Return temp;2119176;KAM;6004912;CMe2100;0725236457;NULL;NULL;OK;OK
41934295;Baldersgatan 9;Älmhult;Heat, Return temp;73836;ELV;12011295;CMi2110;0725215284;NULL;NULL;OK;OK
41934297;N Esplanaden;Älmhult;Heat, Return temp;62442;ELV;12003916;CMi2110;0727294857;NULL;NULL;OK;OK
41934303;N Esplanaden;Älmhult;Heat, Return temp;73849;ELV;12011226;CMi2110;0725215572;NULL;NULL;OK;OK
41934314;Södra Esplanaden;Älmhult;Heat, Return temp;69400;ELV;12011253;CMi2110;0722386337;NULL;NULL;OK;OK
41934321;Östergatan 30;Älmhult;Heat, Return temp;62610;ELV;12004097;CMi2110;0727298683;NULL;NULL;OK;OK
41934325;Östergatan 32;Älmhult;Heat, Return temp;62545;ELV;12003977;CMi2110;0727294879;NULL;NULL;OK;OK
41934331;Östergatan 34;Älmhult;Heat, Return temp;61712;ELV;12003208;CMi2110;0727278465;NULL;NULL;OK;OK
41934376;Källargatan 9;Älmhult;Heat, Return temp;62430;ELV;12003724;CMi2110;0727292248;NULL;NULL;OK;OK
41934433;Östergatan 26;Älmhult;Heat, Return temp;62577;ELV;12004054;CMi2110;0727298958;NULL;NULL;OK;OK
41934437;Vargstigen 9;Älmhult;Heat, Return temp;60102;ELV;12002536;CMi2110;0727275541;NULL;NULL;OK;OK
41934441;Vargstigen 11;Älmhult;Heat, Return temp;62447;ELV;12003768;CMi2110;0727292731;NULL;NULL;OK;OK
41934471;Västra Ringvägen 2;Älmhult;Heat, Return temp;69410;ELV;12011241;CMi2110;0725433284;NULL;NULL;OK;OK
41934479;Hyacintvägen 9;Älmhult;Heat, Return temp;60550;ELV;12003396;CMi2110;0722031202;NULL;NULL;OK;OK
41934484;Ljungbyvägen;Älmhult;Heat, Return temp;69445;ELV;12011187;CMi2110;0722131917;NULL;NULL;OK;OK
41934490;Liljegatan 12;Älmhult;Heat, Return temp;42800;KAM;6003620;CMe2100;0722059339;NULL;NULL;OK;OK
41934497;Älgstigen 4;Älmhult;Heat, Return temp;60566;ELV;12003378;CMi2110;0722014064;NULL;NULL;OK;OK
41934504;Radhusvägen 6;Älmhult;Heat, Return temp;69402;ELV;12011275;CMi2110;0725215206;NULL;NULL;OK;OK
41989584;Hyacintvägen 12;Älmhult;Heat, Return temp;70411;ELV;12013354;CMi2110;0725256185;NULL;NULL;OK;OK
41989585;Hyacintvägen 26;Älmhult;Heat, Return temp;70397;ELV;12012680;CMi2110;0725253087;NULL;NULL;OK;OK
41989586;Hyacintvägen 28;Älmhult;Heat, Return temp;70386;ELV;12012689;CMi2110;0725253186;NULL;NULL;OK;OK
41990044;Storgatan 7;Älmhult;Heat, Return temp;61766;ELV;12003114;CMi2110;0727278554;NULL;NULL;OK;OK
41992332;Hyacintvägen 24;Älmhult;Heat, Return temp;71059;ELV;12013070;CMi2110;0722043409;NULL;NULL;OK;OK
41992339;Vintervägen 10;Älmhult;Heat, Return temp;70384;ELV;12012753;CMi2110;0725253441;NULL;NULL;OK;OK
41992546;Hjortvägen;Älmhult;Heat, Return temp;69438;ELV;12011216;CMi2110;0722471324;NULL;NULL;OK;OK
41992785;Kyrkogatan12 A;Älmhult;Heat, Return temp;61750;ELV;12003203;CMi2110;0727278339;NULL;NULL;OK;OK
41992883;Vintervägen 5;Älmhult;Heat, Return temp;68070;ELV;12011684;CMi2110;07190000240610;NULL;NULL;OK;OK
41999344;Hyacintvägen 7;Älmhult;Heat, Return temp;70327;ELV;12012874;CMi2110;0725253207;NULL;NULL;OK;OK
41999347;Hyacintvägen 10;Älmhult;Heat, Return temp;70410;ELV;12012746;CMi2110;0725253401;NULL;NULL;OK;OK
41999648;Hyacintvägen 18;Älmhult;Heat, Return temp;70390;ELV;12012697;CMi2110;0725252898;NULL;NULL;OK;OK
41999771;Hyacintvägen 15;Älmhult;Heat, Return temp;70610;ELV;12014224;CMi2110;0725254512;NULL;NULL;OK;OK
41999773;Rosengatan 21;Älmhult;Heat, Return temp;68373;ELV;12008551;CMi2110;07190000240401;NULL;NULL;OK;OK
42000130;Hyacintvägen 22;Älmhult;Heat, Return temp;70355;ELV;12013233;CMi2110;0725254560;NULL;NULL;OK;OK
42000131;Liljegatan 23;Älmhult;Heat, Return temp;61895;ELV;12004475;CMi2110;0727329550;NULL;NULL;OK;OK
42000132;Rosengatan 24;Älmhult;Heat, Return temp;68383;ELV;12010036;CMi2110;07190000240075;NULL;NULL;OK;OK
42000179;Hyacintvägen 17;Älmhult;Heat, Return temp;70430;ELV;12014199;CMi2110;0725254354;NULL;NULL;OK;OK
42000180;Hyacintvägen 20;Älmhult;Heat, Return temp;70609;ELV;12014239;CMi2110;0725254929;NULL;NULL;OK;OK
42000181;Liljegatan 19;Älmhult;Heat, Return temp;70416;ELV;12014197;CMi2110;0725254957;NULL;NULL;OK;OK
42000919;Kungsgatan 21;Älmhult;Heat, Return temp;68223;ELV;12011629;CMi2110;07190000240534;NULL;NULL;OK;OK
42000920;Köpmangatan 7;Älmhult;Heat, Return temp;68571;ELV;12009728;CMi2110;07190000240256;NULL;NULL;OK;OK
42000921;Köpmangatan 9;Älmhult;Heat, Return temp;68375;ELV;12009029;CMi2110;07190000240394;NULL;NULL;OK;OK
42004037;Köpmangatan 11;Älmhult;Heat, Return temp;61886;ELV;12004382;CMi2110;0727299913;NULL;NULL;OK;OK
42006151;Hyacintvägen 1;Älmhult;Heat, Return temp;60556;ELV;12003452;CMi2110;0722066561;NULL;NULL;OK;OK
42006152;Hyacintvägen 11;Älmhult;Heat, Return temp;88435;ELV;12030249;CMi2110;07190000353542;NULL;NULL;OK;OK
42006422;Oxtorget;Älmhult;Heat, Return temp;69411;ELV;12011266;CMi2110;0722261723;NULL;NULL;OK;OK
42006425;Köpmangatan 1;Älmhult;Heat, Return temp;73838;ELV;12011238;CMi2110;0725215457;NULL;NULL;OK;OK
42006440;Hyacintvägen 2;Älmhult;Heat, Return temp;70404;ELV;12012822;CMi2110;0725253028;NULL;NULL;OK;OK
42006443;Hyacintvägen 13;Älmhult;Heat, Return temp;68591;ELV;12009810;CMi2110;07190000240260;NULL;NULL;OK;OK
42006444;Hyacintvägen 19;Älmhult;Heat, Return temp;60633;ELV;12003223;CMi2110;0727278431;NULL;NULL;OK;OK
42006479;Hyacintvägen 6;Älmhult;Heat, Return temp;60569;ELV;12003358;CMi2110;0727279388;NULL;NULL;OK;OK
42016762;Almgårdsvägen 3-12;Älmhult;Heat, Return temp;73847;ELV;12011225;CMi2110;0725215614;NULL;NULL;OK;OK
42016834;Delaryvägen 3;Älmhult;Heat, Return temp;68517;ELV;12010399;CMi2110;07190000240323;NULL;NULL;OK;OK
42016861;Hjortvägen 49-113;Älmhult;Heat, Return temp;73812;ELV;12011198;CMi2110;0722354711;NULL;NULL;OK;OK
42016865;Göingegatan 2-4;Älmhult;Heat, Return temp;69492;ELV;12011219;CMi2110;0725215401;NULL;NULL;OK;OK
42016879;Prinsgatan 1;Älmhult;Heat, Return temp;68342;ELV;12009752;CMi2110;07190000240171;NULL;NULL;OK;OK
42348210;F 409 Testlab;Älmhult;Heat, Return temp;69529;ELV;12011303;CMi2110;0722268816;NULL;NULL;OK;OK
42348877;Västra Stallgatan 2;Älmhult;Heat, Return temp;68613;ELV;12010087;CMi2110;07190000240098;NULL;NULL;OK;OK
42349231;Sjögatan 28;Älmhult;Heat, Return temp;68273;ELV;12009214;CMi2110;07190000240001;NULL;NULL;OK;OK
42349347;Sjögatan 21;Älmhult;Heat, Return temp;60636;ELV;12003589;CMi2110;0727279915;NULL;NULL;OK;OK
42349350;Delaryvägen 8;Älmhult;Heat, Return temp;60659;ELV;12003598;CMi2110;0727280064;NULL;NULL;OK;OK
42349380;Vallgatan 10;Älmhult;Heat, Return temp;68316;ELV;12009172;CMi2110;07190000240008;NULL;NULL;OK;OK
42349383;Sjögatan 29;Älmhult;Heat, Return temp;68505;ELV;12009733;CMi2110;07190000240275;NULL;NULL;OK;OK
42356527;Källargatan 14;Älmhult;Heat, Return temp;68254;ELV;12009199;CMi2110;07190000240037;NULL;NULL;OK;OK
42361183;Sjögatan 27;Älmhult;Heat, Return temp;68572;ELV;12009237;CMi2110;07190000240069;NULL;NULL;OK;OK
42362105;Västra Björkgatan 7;Älmhult;Heat, Return temp;68533;ELV;12009124;CMi2110;07190000240317;NULL;NULL;OK;OK
42364826;Elmiers väg 4;Älmhult;Heat, Return temp;68439;ELV;12009712;CMi2110;07190000240182;NULL;NULL;OK;OK
42364964;Tallgatan 10;Älmhult;Heat, Return temp;60722;ELV;12003681;CMi2110;0727279918;NULL;NULL;OK;OK
42365080;Vallgatan 14;Älmhult;Heat, Return temp;68663;ELV;12009224;CMi2110;07190000240056;NULL;NULL;OK;OK
42365191;Elmiers väg 6;Älmhult;Heat, Return temp;68274;ELV;12009188;CMi2110;07190000240035;NULL;NULL;OK;OK
42365194;Storgatan 12;Älmhult;Heat, Return temp;68418;ELV;12009702;CMi2110;07190000240168;NULL;NULL;OK;OK
42365888;Elmiers väg 8;Älmhult;Heat, Return temp;68479;ELV;12009721;CMi2110;07190000240237;NULL;NULL;OK;OK
42386703;Danska vägen;Älmhult;Heat, Return temp;69399;ELV;12011183;CMi2110;0722361154;NULL;NULL;OK;OK
42402280;Vintervägen 15;Älmhult;Heat, Return temp;68540;ELV;12031799;CMi2110;07190000475004;NULL;NULL;OK;OK
42402431;Baldersgatan 18;Älmhult;Heat, Return temp;68414;ELV;12009171;CMi2110;07190000240022;NULL;NULL;OK;OK
42402435;Vintervägen 23;Älmhult;Heat, Return temp;68432;ELV;12009757;CMi2110;07190000240199;NULL;NULL;OK;OK
42402441;Vallgatan 12;Älmhult;Heat, Return temp;68564;ELV;12009382;CMi2110;07190000240011;NULL;NULL;OK;OK
42402521;Källargatan 11;Älmhult;Heat, Return temp;68531;ELV;12010407;CMi2110;07190000240289;NULL;NULL;OK;OK
42402591;Vallgatan 1;Älmhult;Heat, Return temp;68501;ELV;12010297;CMi2110;07190000240302;NULL;NULL;OK;OK
42402592;Västra Stallgatan 6;Älmhult;Heat, Return temp;68600;ELV;12010014;CMi2110;07190000240117;NULL;NULL;OK;OK
42402593;Baldersgatan 20;Älmhult;Heat, Return temp;68427;ELV;12009730;CMi2110;07190000240212;NULL;NULL;OK;OK
42402598;Vintervägen 19;Älmhult;Heat, Return temp;68523;ELV;12009753;CMi2110;07190000240262;NULL;NULL;OK;OK
42408691;Kungsgatan 26;Älmhult;Heat, Return temp;68515;ELV;12010286;CMi2110;07190000240321;NULL;NULL;OK;OK
42409544;Vallgatan 3;Älmhult;Heat, Return temp;68289;ELV;12009346;CMi2110;07190000240027;NULL;NULL;OK;OK
42410190;Furugatan 4;Älmhult;Heat, Return temp;68496;ELV;12009735;CMi2110;07190000240267;NULL;NULL;OK;OK
42410191;Furugatan 12;Älmhult;Heat, Return temp;68467;ELV;12009600;CMi2110;07190000240263;NULL;NULL;OK;OK
42410205;Klöxhultsvägen 9;Älmhult;Heat, Return temp;68433;ELV;12009751;CMi2110;07190000240176;NULL;NULL;OK;OK
42410383;Klöxhultsvägen 18;Älmhult;Heat, Return temp;68481;ELV;12010196;CMi2110;07190000240276;NULL;NULL;OK;OK
42410430;Vallgatan 27;Älmhult;Heat, Return temp;68568;ELV;12009220;CMi2110;07190000240024;NULL;NULL;OK;OK
42410436;Sunnerbogatan 19;Älmhult;Heat, Return temp;68261;ELV;12009245;CMi2110;07190000240021;NULL;NULL;OK;OK
42410439;Sunnerbogatan 17;Älmhult;Heat, Return temp;68066;ELV;12011880;CMi2110;07190000240686;NULL;NULL;OK;OK
42410440;Liljegatan 21;Älmhult;Heat, Return temp;60726;ELV;12003703;CMi2110;0727279812;NULL;NULL;OK;OK
42410906;Rosengatan 14;Älmhult;Heat, Return temp;68291;ELV;12009202;CMi2110;07190000240031;NULL;NULL;OK;OK
42410931;Furugatan 10;Älmhult;Heat, Return temp;68263;ELV;12009261;CMi2110;07190000240025;NULL;NULL;OK;OK
42410960;Vallgatan 35;Älmhult;Heat, Return temp;68283;ELV;12009275;CMi2110;07190000240051;NULL;NULL;OK;OK
42410964;Rosengatan 16;Älmhult;Heat, Return temp;68511;ELV;12011579;CMi2110;07190000240563;NULL;NULL;OK;OK
42410971;Klöxhultsvägen 15;Älmhult;Heat, Return temp;68653;ELV;12010017;CMi2110;07190000240100;NULL;NULL;OK;OK
42410973;Sunnerbogatan 13;Älmhult;Heat, Return temp;68615;ELV;12010089;CMi2110;07190000240099;NULL;NULL;OK;OK
42410975;Rosengatan 11;Älmhult;Heat, Return temp;68536;ELV;12009386;CMi2110;07190000240318;NULL;NULL;OK;OK
42410976;Rosengatan 18;Älmhult;Heat, Return temp;68311;ELV;12009217;CMi2110;07190000240009;NULL;NULL;OK;OK
42411149;Vallgatan 33;Älmhult;Heat, Return temp;68295;ELV;12009249;CMi2110;07190000240038;NULL;NULL;OK;OK
42413069;Furugatan 6;Älmhult;Heat, Return temp;68492;ELV;12010298;CMi2110;07190000240313;NULL;NULL;OK;OK
42413072;Rosengatan 20;Älmhult;Heat, Return temp;68471;ELV;12009132;CMi2110;07190000240240;NULL;NULL;OK;OK
42413081;Rosengatan 4;Älmhult;Heat, Return temp;68521;ELV;12009855;CMi2110;07190000240319;NULL;NULL;OK;OK
42413082;Liljegatan 3;Älmhult;Heat, Return temp;68500;ELV;12009686;CMi2110;07190000240258;NULL;NULL;OK;OK
42413085;Klöxhultsvägen 13;Älmhult;Heat, Return temp;68524;ELV;12009554;CMi2110;07190000240315;NULL;NULL;OK;OK
42413167;Vallgatan 32;Älmhult;Heat, Return temp;68267;ELV;12009240;CMi2110;07190000240030;NULL;NULL;OK;OK
42413169;Sunnerbogatan 21;Älmhult;Heat, Return temp;68252;ELV;12009251;CMi2110;07190000240034;NULL;NULL;OK;OK
42413252;Klöxhultsvägen 25;Älmhult;Heat, Return temp;68498;ELV;12010151;CMi2110;07190000240252;NULL;NULL;OK;OK
42413292;Sunnerbogatan 33;Älmhult;Heat, Return temp;68565;ELV;12009269;CMi2110;07190000240050;NULL;NULL;OK;OK
42420297;Liljegatan 13;Älmhult;Heat, Return temp;60671;ELV;12003671;CMi2110;0727279958;NULL;NULL;OK;OK
42420298;Klöxhultsvägen 20;Älmhult;Heat, Return temp;68388;ELV;12010327;CMi2110;07190000240320;NULL;NULL;OK;OK
42420299;Klöxhultsvägen 14;Älmhult;Heat, Return temp;68494;ELV;12008999;CMi2110;07190000240298;NULL;NULL;OK;OK
42421401;Rosengatan 15;Älmhult;Heat, Return temp;68225;ELV;12009294;CMi2110;07190000240036;NULL;NULL;OK;OK
42421675;Klöxhultsvägen 12;Älmhult;Heat, Return temp;68251;ELV;12009225;CMi2110;07190000240049;NULL;NULL;OK;OK
42421806;Kungsgatan 28;Älmhult;Heat, Return temp;68642;ELV;12010010;CMi2110;07190000240085;NULL;NULL;OK;OK
42421935;Vallgatan 16;Älmhult;Heat, Return temp;68634;ELV;12010122;CMi2110;07190000240140;NULL;NULL;OK;OK
42428516;Rosengatan 17;Älmhult;Heat, Return temp;68490;ELV;12009758;CMi2110;07190000240271;NULL;NULL;OK;OK
42428780;Liljegatan 8;Älmhult;Heat, Return temp;60640;ELV;12003613;CMi2110;0727280142;NULL;NULL;OK;OK
42430371;Klöxhultsvägen 8;Älmhult;Heat, Return temp;68469;ELV;12010288;CMi2110;07190000240301;NULL;NULL;OK;OK
42437326;Västra Backgatan 8;Älmhult;Heat, Return temp;68710;ELV;12011692;CMi2110;07190000240778;NULL;NULL;OK;OK
42437341;Kungsgatan 37;Älmhult;Heat, Return temp;68076;ELV;12011826;CMi2110;07190000240636;NULL;NULL;OK;OK
42437606;Västra Backgatan 10;Älmhult;Heat, Return temp;68315;ELV;12009704;CMi2110;07190000240220;NULL;NULL;OK;OK
42437625;Västra Backgatan 11;Älmhult;Heat, Return temp;68692;ELV;12011713;CMi2110;07190000240773;NULL;NULL;OK;OK
42437910;Västra Björkgatan 13;Älmhult;Heat, Return temp;68434;ELV;12009715;CMi2110;07190000240205;NULL;NULL;OK;OK
42437915;Västra Björkgatan 15;Älmhult;Heat, Return temp;68529;ELV;12011673;CMi2110;07190000240609;NULL;NULL;OK;OK
42438395;Blåsippan, Plan 3,;Älmhult;Heat, Return temp;69396;ELV;12011235;CMi2110;0722409983;NULL;NULL;OK;OK
42438396;Blåsippan, Källarplan, OFB 008;Älmhult;Heat, Return temp;69437;ELV;12011230;CMi2110;0722478687;NULL;NULL;OK;OK
42440038;Norra Parkgatan 5;Älmhult;Heat, Return temp;68534;ELV;12011611;CMi2110;07190000240524;NULL;NULL;OK;OK
42441372;Violgatan 2;Älmhult;Heat, Return temp;68078;ELV;12011689;CMi2110;07190000240624;NULL;NULL;OK;OK
42444153;Järvstigen 7;Älmhult;Heat, Return temp;60624;ELV;12003134;CMi2110;0727278411;NULL;NULL;OK;OK
42444158;Järvstigen 3;Älmhult;Heat, Return temp;60867;ELV;12003072;CMi2110;0722146880;NULL;NULL;OK;OK
42444341;Liljegatan 5;Älmhult;Heat, Return temp;68065;ELV;12011890;CMi2110;07190000240696;NULL;NULL;OK;OK
42444342;Vallgatan 19;Älmhult;Heat, Return temp;68297;ELV;12009313;CMi2110;07190000240006;NULL;NULL;OK;OK
42445376;Järvstigen 11;Älmhult;Heat, Return temp;60869;ELV;12002975;CMi2110;0727275879;NULL;NULL;OK;OK
42445887;Järvstigen 9;Älmhult;Heat, Return temp;68482;ELV;12010160;CMi2110;07190000240254;NULL;NULL;OK;OK
42445888;Järvstigen 1;Älmhult;Heat, Return temp;60700;ELV;12003697;CMi2110;0727279421;NULL;NULL;OK;OK
42446074;Knutsgatan 26;Älmhult;Heat, Return temp;60634;ELV;12003131;CMi2110;0727278412;NULL;NULL;OK;OK
42446077;Sunnerbogatan 22;Älmhult;Heat, Return temp;68280;ELV;12009248;CMi2110;07190000240054;NULL;NULL;OK;OK
42448241;Älgstigen 3;Älmhult;Heat, Return temp;68407;ELV;12009759;CMi2110;07190000240172;NULL;NULL;OK;OK
42448242;Älgstigen 11;Älmhult;Heat, Return temp;60860;ELV;12002744;CMi2110;0727275744;NULL;NULL;OK;OK
42448243;Älgstigen 15;Älmhult;Heat, Return temp;60868;ELV;12002695;CMi2110;0727275805;NULL;NULL;OK;OK
42448264;Älgstigen 1;Älmhult;Heat, Return temp;60872;ELV;12002733;CMi2110;0727275866;NULL;NULL;OK;OK
42448265;Älgstigen 13;Älmhult;Heat, Return temp;60637;ELV;12003678;CMi2110;0727279423;NULL;NULL;OK;OK
42448268;Älgstigen 21;Älmhult;Heat, Return temp;60567;ELV;12003416;CMi2110;0722046317;NULL;NULL;OK;OK
42448270;Bävervägen 38;Älmhult;Heat, Return temp;60957;ELV;12002958;CMi2110;0727275648;NULL;NULL;OK;OK
42448277;Bävervägen 54;Älmhult;Heat, Return temp;60943;ELV;12002829;CMi2110;0727260917;NULL;NULL;OK;OK
42448278;Bävervägen 64;Älmhult;Heat, Return temp;60590;ELV;12003434;CMi2110;0722092505;NULL;NULL;OK;OK
42448279;Bävervägen 66;Älmhult;Heat, Return temp;60612;ELV;12003202;CMi2110;0727278448;NULL;NULL;OK;OK
42448282;Bävervägen 68;Älmhult;Heat, Return temp;60565;ELV;12003449;CMi2110;0722087036;NULL;NULL;OK;OK
42448283;Bävervägen 70;Älmhult;Heat, Return temp;60592;ELV;12003433;CMi2110;0722088553;NULL;NULL;OK;OK
42448284;Bävervägen 72;Älmhult;Heat, Return temp;60954;ELV;12002824;CMi2110;0727276123;NULL;NULL;OK;OK
42448285;Bävervägen 78;Älmhult;Heat, Return temp;60797;ELV;12003067;CMi2110;0727277753;NULL;NULL;OK;OK
42448286;Bävervägen 88;Älmhult;Heat, Return temp;60675;ELV;12003691;CMi2110;0727279429;NULL;NULL;OK;OK
42448287;Bävervägen 90;Älmhult;Heat, Return temp;60911;ELV;12002687;CMi2110;0722351370;NULL;NULL;OK;OK
42448288;Bävervägen 94;Älmhult;Heat, Return temp;60951;ELV;12002933;CMi2110;0727260919;NULL;NULL;OK;OK
42448289;Bävervägen 96;Älmhult;Heat, Return temp;60660;ELV;12003502;CMi2110;0727279908;NULL;NULL;OK;OK
42448290;Bävervägen 116;Älmhult;Heat, Return temp;60967;ELV;12003281;CMi2110;0722278719;NULL;NULL;OK;OK
42448386;Knutsgatan 30;Älmhult;Heat, Return temp;68506;ELV;12010323;CMi2110;07190000240316;NULL;NULL;OK;OK
42448387;Älgstigen 7;Älmhult;Heat, Return temp;60552;ELV;12003439;CMi2110;0722077799;NULL;NULL;OK;OK
42448388;Älgstigen 17;Älmhult;Heat, Return temp;60645;ELV;12003580;CMi2110;0727280143;NULL;NULL;OK;OK
42448389;Älgstigen 31;Älmhult;Heat, Return temp;60653;ELV;12003673;CMi2110;0727279957;NULL;NULL;OK;OK
42448390;Bävervägen 36;Älmhult;Heat, Return temp;60940;ELV;12002757;CMi2110;0727275822;NULL;NULL;OK;OK
42448391;Bävervägen 44;Älmhult;Heat, Return temp;60799;ELV;12002900;CMi2110;0727276054;NULL;NULL;OK;OK
42448392;Bävervägen 46;Älmhult;Heat, Return temp;60968;ELV;12002773;CMi2110;0727260904;NULL;NULL;OK;OK
42448393;Bävervägen 48;Älmhult;Heat, Return temp;60908;ELV;12003010;CMi2110;0727262676;NULL;NULL;OK;OK
42448394;Bävervägen 50;Älmhult;Heat, Return temp;60553;ELV;12003367;CMi2110;0727279272;NULL;NULL;OK;OK
42448395;Bävervägen 82;Älmhult;Heat, Return temp;60795;ELV;12002724;CMi2110;0727275845;NULL;NULL;OK;OK
42448406;Bävervägen 114;Älmhult;Heat, Return temp;60945;ELV;12002919;CMi2110;0727275969;NULL;NULL;OK;OK
42448668;Älgstigen 5;Älmhult;Heat, Return temp;60555;ELV;12003408;CMi2110;0722049324;NULL;NULL;OK;OK
42448669;Älgstigen 9;Älmhult;Heat, Return temp;60829;ELV;12002849;CMi2110;0727276165;NULL;NULL;OK;OK
42448674;Älgstigen 19;Älmhult;Heat, Return temp;60562;ELV;12003390;CMi2110;0722013585;NULL;NULL;OK;OK
42448684;Älgstigen 23;Älmhult;Heat, Return temp;60657;ELV;12003459;CMi2110;0727280075;NULL;NULL;OK;OK
42448686;Älgstigen 25;Älmhult;Heat, Return temp;60870;ELV;12002844;CMi2110;0727276142;NULL;NULL;OK;OK
42448687;Älgstigen 27;Älmhult;Heat, Return temp;60629;ELV;12003245;CMi2110;0727278574;NULL;NULL;OK;OK
42448703;Älgstigen 33;Älmhult;Heat, Return temp;60541;ELV;12003419;CMi2110;0722053658;NULL;NULL;OK;OK
42448711;Bävervägen 34;Älmhult;Heat, Return temp;60925;ELV;12002786;CMi2110;0722351360;NULL;NULL;OK;OK
42448738;Bävervägen 42;Älmhult;Heat, Return temp;60892;ELV;12002530;CMi2110;0727262678;NULL;NULL;OK;OK
42448745;Bävervägen 52;Älmhult;Heat, Return temp;60593;ELV;12003456;CMi2110;0722105648;NULL;NULL;OK;OK
42448752;Bävervägen 86;Älmhult;Heat, Return temp;60785;ELV;12002838;CMi2110;0727276143;NULL;NULL;OK;OK
42448753;Bävervägen 98;Älmhult;Heat, Return temp;60970;ELV;12003057;CMi2110;0722221144;NULL;NULL;OK;OK
42448754;Bävervägen 104;Älmhult;Heat, Return temp;60773;ELV;12002990;CMi2110;0727275932;NULL;NULL;OK;OK
42448755;Bävervägen 106;Älmhult;Heat, Return temp;60953;ELV;12002753;CMi2110;0727275871;NULL;NULL;OK;OK
42448756;Bävervägen 108;Älmhult;Heat, Return temp;60787;ELV;12003080;CMi2110;0722237954;NULL;NULL;OK;OK
42448757;Bävervägen 112;Älmhult;Heat, Return temp;60915;ELV;12002894;CMi2110;0727275587;NULL;NULL;OK;OK
42449081;Älgstigen 29;Älmhult;Heat, Return temp;60628;ELV;12003244;CMi2110;0727278518;NULL;NULL;OK;OK
42449082;Bävervägen 32;Älmhult;Heat, Return temp;60958;ELV;12003002;CMi2110;0722220467;NULL;NULL;OK;OK
42449084;Bävervägen 40;Älmhult;Heat, Return temp;60939;ELV;12002887;CMi2110;0727276247;NULL;NULL;OK;OK
42449106;Bävervägen 56;Älmhult;Heat, Return temp;60811;ELV;12002938;CMi2110;0727276104;NULL;NULL;OK;OK
42449107;Bävervägen 60;Älmhult;Heat, Return temp;60526;ELV;12003354;CMi2110;0727279434;NULL;NULL;OK;OK
42449108;Bävervägen 62;Älmhult;Heat, Return temp;60579;ELV;12003437;CMi2110;0722067782;NULL;NULL;OK;OK
42449109;Bävervägen 74;Älmhult;Heat, Return temp;60900;ELV;12002697;CMi2110;0722351365;NULL;NULL;OK;OK
42449110;Bävervägen 76;Älmhult;Heat, Return temp;60690;ELV;12058325;CMi2110;0727280133;NULL;NULL;OK;OK
42449111;Bävervägen 80;Älmhult;Heat, Return temp;60807;ELV;12002949;CMi2110;0727276127;NULL;NULL;OK;OK
42449130;Bävervägen 84;Älmhult;Heat, Return temp;60692;ELV;12003620;CMi2110;0727280168;NULL;NULL;OK;OK
42449131;Bävervägen 92;Älmhult;Heat, Return temp;60808;ELV;12002822;CMi2110;0727276192;NULL;NULL;OK;OK
42449132;Bävervägen 100;Älmhult;Heat, Return temp;60952;ELV;12002738;CMi2110;0722351363;NULL;NULL;OK;OK
42449133;Bävervägen 102;Älmhult;Heat, Return temp;60910;ELV;12003044;CMi2110;0722237944;NULL;NULL;OK;OK
42449134;Bävervägen 110;Älmhult;Heat, Return temp;60876;ELV;12002782;CMi2110;0722351382;NULL;NULL;OK;OK
42449136;Bävervägen 58;Älmhult;Heat, Return temp;60969;ELV;12002732;CMi2110;0722351386;NULL;NULL;OK;OK
42451026;Källargatan 6;Älmhult;Heat, Return temp;68425;ELV;12009695;CMi2110;07190000240203;NULL;NULL;OK;OK
42451027;Vallgatan 21;Älmhult;Heat, Return temp;68389;ELV;12009544;CMi2110;07190000240294;NULL;NULL;OK;OK
42452547;Finngatan 2;Älmhult;Heat, Return temp;68130;ELV;12011672;CMi2110;07190000240621;NULL;NULL;OK;OK
42453420;Vallgatan 26;Älmhult;Heat, Return temp;68495;ELV;12009725;CMi2110;07190000240274;NULL;NULL;OK;OK
42466002;Ljungbyvägen 26;Älmhult;Heat, Return temp;60832;ELV;12002892;CMi2110;0727275917;NULL;NULL;OK;OK
42466026;Vallgatan 20;Älmhult;Heat, Return temp;68497;ELV;12009738;CMi2110;07190000240283;NULL;NULL;OK;OK
42466027;Knutsgatan 24;Älmhult;Heat, Return temp;68349;ELV;12009750;CMi2110;07190000240175;NULL;NULL;OK;OK
42466100;Ljungbyvägen 23;Älmhult;Heat, Return temp;60920;ELV;12002755;CMi2110;0727275778;NULL;NULL;OK;OK
42466153;Knutsgatan 22;Älmhult;Heat, Return temp;68409;ELV;12009707;CMi2110;07190000240173;NULL;NULL;OK;OK
42466691;Ljungbyvägen 10;Älmhult;Heat, Return temp;60704;ELV;12003606;CMi2110;0727279961;NULL;NULL;OK;OK
42466694;Furugatan 7;Älmhult;Heat, Return temp;68310;ELV;12009210;CMi2110;07190000240005;NULL;NULL;OK;OK
42467266;Paradisvägen 9;Älmhult;Heat, Return temp;70591;ELV;12006258;CMi2110;0725254263;NULL;NULL;OK;OK
42467336;Paradisvägen 3;Älmhult;Heat, Return temp;60670;ELV;12003679;CMi2110;0727279847;NULL;NULL;OK;OK
42467337;Aromavägen 7;Älmhult;Heat, Return temp;68514;ELV;12011570;CMi2110;07190000240531;NULL;NULL;OK;OK
42467338;Körsbärsvägen 5;Älmhult;Heat, Return temp;68276;ELV;12009236;CMi2110;07190000240047;NULL;NULL;OK;OK
42467339;Körsbärsvägen 6;Älmhult;Heat, Return temp;68270;ELV;12009284;CMi2110;07190000240057;NULL;NULL;OK;OK
42467340;Körsbärsvägen 1;Älmhult;Heat, Return temp;68522;ELV;12004171;CMi2110;07190000240295;NULL;NULL;OK;OK
42467341;Rönngatan 3;Älmhult;Heat, Return temp;68608;ELV;12003710;CMi2110;0727294852;NULL;NULL;OK;OK
42467344;Ljungbyvägen 31;Älmhult;Heat, Return temp;60693;ELV;12003618;CMi2110;0727279992;NULL;NULL;OK;OK
42467348;Knutsgatan 16;Älmhult;Heat, Return temp;68630;ELV;12010142;CMi2110;07190000240095;NULL;NULL;OK;OK
42468175;Pomonavägen 9;Älmhult;Heat, Return temp;60792;ELV;12003090;CMi2110;0722237621;NULL;NULL;OK;OK
42468177;Körsbärsvägen 3;Älmhult;Heat, Return temp;70336;ELV;12013195;CMi2110;0722328114;NULL;NULL;OK;OK
42468178;Aromavägen 6;Älmhult;Heat, Return temp;68287;ELV;12009302;CMi2110;07190000240000;NULL;NULL;OK;OK
42468179;Körsbärsvägen 4;Älmhult;Heat, Return temp;68528;ELV;12011663;CMi2110;07190000240600;NULL;NULL;OK;OK
42468180;Körsbärsvägen 2;Älmhult;Heat, Return temp;68502;ELV;12010093;CMi2110;07190000240290;NULL;NULL;OK;OK
42468186;Ljungbyvägen 12;Älmhult;Heat, Return temp;60710;ELV;12003684;CMi2110;0727279991;NULL;NULL;OK;OK
42468982;Paradisvägen 5;Älmhult;Heat, Return temp;60568;ELV;12003352;CMi2110;0722005031;NULL;NULL;OK;OK
42468983;Astrakanvägen 3;Älmhult;Heat, Return temp;60759;ELV;12003685;CMi2110;0727279968;NULL;NULL;OK;OK
42468984;Paradisvägen 7;Älmhult;Heat, Return temp;60561;ELV;12003400;CMi2110;0722028701;NULL;NULL;OK;OK
42468985;Paradisvägen 17;Älmhult;Heat, Return temp;60540;ELV;12003351;CMi2110;0727279528;NULL;NULL;OK;OK
42468986;Aromavägen 4;Älmhult;Heat, Return temp;60551;ELV;12003387;CMi2110;0722015049;NULL;NULL;OK;OK
42468989;Ljungbyvägen 28;Älmhult;Heat, Return temp;60689;ELV;12003591;CMi2110;0727280135;NULL;NULL;OK;OK
42469314;Astrakanvägen 5;Älmhult;Heat, Return temp;60835;ELV;12002920;CMi2110;0727275982;NULL;NULL;OK;OK
42469326;Astrakanvägen 6;Älmhult;Heat, Return temp;60754;ELV;12003603;CMi2110;0727279954;NULL;NULL;OK;OK
42469394;Rönngatan 5;Älmhult;Heat, Return temp;68264;ELV;12009347;CMi2110;07190000240028;NULL;NULL;OK;OK
42469449;Ljungbyvägen 14;Älmhult;Heat, Return temp;60538;ELV;12003426;CMi2110;0722051998;NULL;NULL;OK;OK
42469570;Ljungbyvägen 27;Älmhult;Heat, Return temp;60688;ELV;12003626;CMi2110;0727280092;NULL;NULL;OK;OK
42469575;Rönngatan 1;Älmhult;Heat, Return temp;68472;ELV;12009650;CMi2110;07190000240255;NULL;NULL;OK;OK
42469577;Ljungbyvägen 38;Älmhult;Heat, Return temp;60558;ELV;12003425;CMi2110;0722057492;NULL;NULL;OK;OK
42473106;Ljungbyvägen 35;Älmhult;Heat, Return temp;60532;ELV;12003444;CMi2110;0722069053;NULL;NULL;OK;OK
42474037;Paradisvägen 6;Älmhult;Heat, Return temp;68269;ELV;12009296;CMi2110;07190000240039;NULL;NULL;OK;OK
42474596;Pomonavägen 7;Älmhult;Heat, Return temp;60572;ELV;12003438;CMi2110;0722086887;NULL;NULL;OK;OK
42474599;Liljegatan 15;Älmhult;Heat, Return temp;68651;ELV;12010081;CMi2110;07190000240127;NULL;NULL;OK;OK
42474612;Hjortvägen 13;Älmhult;Heat, Return temp;60810;ELV;12002941;CMi2110;0727276135;NULL;NULL;OK;OK
42474613;Hjortvägen 17;Älmhult;Heat, Return temp;60789;ELV;12002725;CMi2110;0727275984;NULL;NULL;OK;OK
42474990;Hjortvägen 11;Älmhult;Heat, Return temp;60875;ELV;12002789;CMi2110;0727275814;NULL;NULL;OK;OK
42475513;Hjortvägen 1;Älmhult;Heat, Return temp;60821;ELV;12002819;CMi2110;0727276129;NULL;NULL;OK;OK
42475515;Hjortvägen 15;Älmhult;Heat, Return temp;60885;ELV;12002743;CMi2110;0727275848;NULL;NULL;OK;OK
42478095;Pomonavägen 6;Älmhult;Heat, Return temp;60626;ELV;12006273;CMi2110;0727278469;NULL;NULL;OK;OK
42478102;Kungsgatan 35;Älmhult;Heat, Return temp;68705;ELV;12010420;CMi2110;07190000240371;NULL;NULL;OK;OK
42478106;Hjortvägen 23;Älmhult;Heat, Return temp;60790;ELV;12002991;CMi2110;0727276057;NULL;NULL;OK;OK
42478107;Hjortvägen 31;Älmhult;Heat, Return temp;60713;ELV;12003630;CMi2110;0722328505;NULL;NULL;OK;OK
42478108;Hjortvägen 35;Älmhult;Heat, Return temp;60694;ELV;12003616;CMi2110;0727280132;NULL;NULL;OK;OK
42478109;Hjortvägen 39;Älmhult;Heat, Return temp;60652;ELV;12003577;CMi2110;0727280167;NULL;NULL;OK;OK
42478110;Hjortvägen 41;Älmhult;Heat, Return temp;60534;ELV;12003447;CMi2110;0722085713;NULL;NULL;OK;OK
42478111;Hjortvägen 47;Älmhult;Heat, Return temp;60695;ELV;12003617;CMi2110;0727280178;NULL;NULL;OK;OK
42478112;Hjortvägen 9;Älmhult;Heat, Return temp;60877;ELV;12002729;CMi2110;0727275861;NULL;NULL;OK;OK
42478225;Hjortvägen 25;Älmhult;Heat, Return temp;60812;ELV;12002855;CMi2110;0727276061;NULL;NULL;OK;OK
42478226;Hjortvägen 29;Älmhult;Heat, Return temp;60698;ELV;12003668;CMi2110;0727280076;NULL;NULL;OK;OK
42478227;Hjortvägen 37;Älmhult;Heat, Return temp;60647;ELV;12003688;CMi2110;0727279947;NULL;NULL;OK;OK
42480071;Hjortvägen 19;Älmhult;Heat, Return temp;60883;ELV;12002774;CMi2110;0727275883;NULL;NULL;OK;OK
42480073;Hjortvägen 21;Älmhult;Heat, Return temp;60696;ELV;12003588;CMi2110;0727279987;NULL;NULL;OK;OK
42480103;Hjortvägen 5;Älmhult;Heat, Return temp;60913;ELV;12003056;CMi2110;0727276967;NULL;NULL;OK;OK
42480692;Sunnerbogatan 31;Älmhult;Heat, Return temp;68163;ELV;12011885;CMi2110;07190000240697;NULL;NULL;OK;OK
42480699;Hjortvägen 27;Älmhult;Heat, Return temp;60707;ELV;12003313;CMi2110;0727280116;NULL;NULL;OK;OK
42480700;Hjortvägen 3;Älmhult;Heat, Return temp;60897;ELV;12002972;CMi2110;0727260916;NULL;NULL;OK;OK
42480701;Hjortvägen 33;Älmhult;Heat, Return temp;60691;ELV;12003621;CMi2110;0727280154;NULL;NULL;OK;OK
42480716;Hjortvägen 7;Älmhult;Heat, Return temp;60889;ELV;12002721;CMi2110;0727276064;NULL;NULL;OK;OK
42480717;Hjortvägen 43;Älmhult;Heat, Return temp;60862;ELV;12002758;CMi2110;0727275809;NULL;NULL;OK;OK
42485166;Norregårdsgatan 1;Älmhult;Heat, Return temp;60858;ELV;12002826;CMi2110;0722351385;NULL;NULL;OK;OK
42485167;Norregårdsgatan 15;Älmhult;Heat, Return temp;60896;ELV;12002889;CMi2110;0727262686;NULL;NULL;OK;OK
42485168;Norregårdsgatan 49;Älmhult;Heat, Return temp;60757;ELV;12003632;CMi2110;0722237205;NULL;NULL;OK;OK
42485173;Norregårdsgatan 57;Älmhult;Heat, Return temp;60720;ELV;12003639;CMi2110;0727279406;NULL;NULL;OK;OK
42485174;Norregårdsgatan 59;Älmhult;Heat, Return temp;60503;ELV;12002612;CMi2110;0727265028;NULL;NULL;OK;OK
42485198;Norregårdsgatan 41;Älmhult;Heat, Return temp;60814;ELV;12002925;CMi2110;0727276067;NULL;NULL;OK;OK
42485201;Norregårdsgatan 39;Älmhult;Heat, Return temp;60753;ELV;12003578;CMi2110;0727280074;NULL;NULL;OK;OK
42485209;Norregårdsgatan 63;Älmhult;Heat, Return temp;60544;ELV;12003450;CMi2110;0722058380;NULL;NULL;OK;OK
42485217;Norregårdsgatan 69;Älmhult;Heat, Return temp;60463;ELV;12002554;CMi2110;0727265087;NULL;NULL;OK;OK
42485221;Norregårdsgatan 73;Älmhult;Heat, Return temp;60539;ELV;12003418;CMi2110;0722046858;NULL;NULL;OK;OK
42485224;Norregårdsgatan 75;Älmhult;Heat, Return temp;60505;ELV;12002592;CMi2110;0727265109;NULL;NULL;OK;OK
42485254;Norregårdsgatan 77;Älmhult;Heat, Return temp;60755;ELV;12003650;CMi2110;0727279402;NULL;NULL;OK;OK
42485300;Norregårdsgatan 5;Älmhult;Heat, Return temp;60776;ELV;12002984;CMi2110;0727275884;NULL;NULL;OK;OK
42485301;Norregårdsgatan 45;Älmhult;Heat, Return temp;60712;ELV;12003631;CMi2110;0722252951;NULL;NULL;OK;OK
42485302;Norregårdsgatan 55;Älmhult;Heat, Return temp;60747;ELV;12003649;CMi2110;0722452625;NULL;NULL;OK;OK
42485303;Norregårdsgatan 61;Älmhult;Heat, Return temp;60763;ELV;12003604;CMi2110;0727279949;NULL;NULL;OK;OK
42485308;Norregårdsgatan 33;Älmhult;Heat, Return temp;60530;ELV;12003111;CMi2110;0727278386;NULL;NULL;OK;OK
42485309;Norregårdsgatan 67;Älmhult;Heat, Return temp;60678;ELV;12003711;CMi2110;0727279834;NULL;NULL;OK;OK
42485353;Norregårdsgatan 31;Älmhult;Heat, Return temp;60524;ELV;12003376;CMi2110;0727279384;NULL;NULL;OK;OK
42485354;Norregårdsgatan 27;Älmhult;Heat, Return temp;60545;ELV;12003421;CMi2110;0722052031;NULL;NULL;OK;OK
42485355;Norregårdsgatan 23;Älmhult;Heat, Return temp;60711;ELV;12003700;CMi2110;0727279839;NULL;NULL;OK;OK
42485356;Norregårdsgatan 19;Älmhult;Heat, Return temp;60760;ELV;12003596;CMi2110;0727279924;NULL;NULL;OK;OK
42485357;Norregårdsgatan 81;Älmhult;Heat, Return temp;60771;ELV;12003641;CMi2110;0722481752;NULL;NULL;OK;OK
42486161;Norregårdsgatan 11;Älmhult;Heat, Return temp;60518;ELV;12002585;CMi2110;0727265137;NULL;NULL;OK;OK
42486162;Norregårdsgatan 9;Älmhult;Heat, Return temp;60756;ELV;12003625;CMi2110;0727279993;NULL;NULL;OK;OK
42486163;Norregårdsgatan 47;Älmhult;Heat, Return temp;60559;ELV;12003410;CMi2110;0722037835;NULL;NULL;OK;OK
42486164;Norregårdsgatan 37;Älmhult;Heat, Return temp;60820;ELV;12002924;CMi2110;0727276035;NULL;NULL;OK;OK
42486227;Norregårdsgatan 25;Älmhult;Heat, Return temp;60674;ELV;12003694;CMi2110;0727279417;NULL;NULL;OK;OK
42486228;Norregårdsgatan 91;Älmhult;Heat, Return temp;60761;ELV;12003692;CMi2110;0727279956;NULL;NULL;OK;OK
42486264;Norregårdsgatan 3;Älmhult;Heat, Return temp;60738;ELV;12003647;CMi2110;0722360231;NULL;NULL;OK;OK
42486267;Norregårdsgatan 7;Älmhult;Heat, Return temp;60571;ELV;12003405;CMi2110;0722038106;NULL;NULL;OK;OK
42486268;Norregårdsgatan 13;Älmhult;Heat, Return temp;60527;ELV;12003360;CMi2110;0727279381;NULL;NULL;OK;OK
42486275;Norregårdsgatan 51;Älmhult;Heat, Return temp;60595;ELV;12003394;CMi2110;0722027670;NULL;NULL;OK;OK
42486276;Norregårdsgatan 53;Älmhult;Heat, Return temp;60719;ELV;12003585;CMi2110;0727279974;NULL;NULL;OK;OK
42486277;Norregårdsgatan 43;Älmhult;Heat, Return temp;60697;ELV;12003672;CMi2110;0727279815;NULL;NULL;OK;OK
42486325;Norregårdsgatan 35;Älmhult;Heat, Return temp;60703;ELV;12003601;CMi2110;0727279897;NULL;NULL;OK;OK
42486393;Norregårdsgatan 65;Älmhult;Heat, Return temp;60745;ELV;12003398;CMi2110;0727278394;NULL;NULL;OK;OK
42486398;Norregårdsgatan 71;Älmhult;Heat, Return temp;60772;ELV;12003674;CMi2110;0727279817;NULL;NULL;OK;OK
42487213;Norregårdsgatan 17;Älmhult;Heat, Return temp;60746;ELV;12003653;CMi2110;0727279410;NULL;NULL;OK;OK
42487225;Norregårdsgatan 83;Älmhult;Heat, Return temp;60749;ELV;12003273;CMi2110;0727278548;NULL;NULL;OK;OK
42487268;Norregårdsgatan 29;Älmhult;Heat, Return temp;60748;ELV;12003658;CMi2110;0727279872;NULL;NULL;OK;OK
42487287;Norregårdsgatan 79;Älmhult;Heat, Return temp;60673;ELV;12003705;CMi2110;0727279902;NULL;NULL;OK;OK
42487288;Norregårdsgatan 87;Älmhult;Heat, Return temp;60686;ELV;12003593;CMi2110;0727279978;NULL;NULL;OK;OK
42487289;Norregårdsgatan 89;Älmhult;Heat, Return temp;60762;ELV;12003640;CMi2110;0722237185;NULL;NULL;OK;OK
42490489;Aromavägen 3;Älmhult;Heat, Return temp;68278;ELV;12009336;CMi2110;07190000240048;NULL;NULL;OK;OK
42490490;Bävervägen 6;Älmhult;Heat, Return temp;60578;ELV;12003407;CMi2110;0722047916;NULL;NULL;OK;OK
42490509;Bävervägen 14;Älmhult;Heat, Return temp;60591;ELV;12003436;CMi2110;0722087182;NULL;NULL;OK;OK
42490699;Bäckgatan 32;Älmhult;Heat, Return temp;69454;ELV;12011152;CMi2110;0722409221;NULL;NULL;OK;OK
42493450;Pomonavägen 8;Älmhult;Heat, Return temp;60542;ELV;12003381;CMi2110;0722005806;NULL;NULL;OK;OK
42493490;Aromavägen 8;Älmhult;Heat, Return temp;68279;ELV;12009416;CMi2110;07190000240015;NULL;NULL;OK;OK
42493598;Astrakanvägen 2;Älmhult;Heat, Return temp;60767;ELV;12003623;CMi2110;0727250124;NULL;NULL;OK;OK
42494005;Aomavägen 5;Älmhult;Heat, Return temp;68296;ELV;12009197;CMi2110;07190000240026;NULL;NULL;OK;OK
42494068;Astrakanvägen 7;Älmhult;Heat, Return temp;60836;ELV;12002870;CMi2110;0727275873;NULL;NULL;OK;OK
42497876;Bäckgatan 26;Älmhult;Heat, Return temp;68525;ELV;12011651;CMi2110;07190000240626;NULL;NULL;OK;OK
42509660;Hantverksgatan 11;Älmhult;Heat, Return temp;68146;ELV;12009183;CMi2110;07190000240010;NULL;NULL;OK;OK
42510463;Plommonvägen 2;Älmhult;Heat, Return temp;68644;ELV;12010012;CMi2110;07190000240148;NULL;NULL;OK;OK
42512049;Bäckgatan 30;Älmhult;Heat, Return temp;60560;ELV;12003454;CMi2110;0722058706;NULL;NULL;OK;OK
42512207;Bäckgatan 13;Älmhult;Heat, Return temp;60531;ELV;12003136;CMi2110;0727278689;NULL;NULL;OK;OK
42512372;Hantverksgatan 13;Älmhult;Heat, Return temp;61692;ELV;12003184;CMi2110;0727278547;NULL;NULL;OK;OK
42512393;Bäckgatan 10;Älmhult;Heat, Return temp;69397;ELV;12011181;CMi2110;0722124553;NULL;NULL;OK;OK
42512394;Primulavägen 10;Älmhult;Heat, Return temp;60649;ELV;12003605;CMi2110;0727280153;NULL;NULL;OK;OK
42512408;Västra Björkgatan 8;Älmhult;Heat, Return temp;68512;ELV;12011675;CMi2110;07190000240611;NULL;NULL;OK;OK
42513089;Norregårdsgatan 21;Älmhult;Heat, Return temp;60729;ELV;12003652;CMi2110;0727279411;NULL;NULL;OK;OK
42514995;Paradisvägen 4;Älmhult;Heat, Return temp;60654;ELV;12003712;CMi2110;0727279965;NULL;NULL;OK;OK
42515059;Bäckgatan 15;Älmhult;Heat, Return temp;69490;ELV;12011270;CMi2110;0725432464;NULL;NULL;OK;OK
42515186;Spångatan 5;Älmhult;Heat, Return temp;34534;KAM;6008863;CMe2100;0727126529;NULL;NULL;OK;OK
42515285;Hantverksgatan 15;Älmhult;Heat, Return temp;62446;ELV;12003738;CMi2110;0727292587;NULL;NULL;OK;OK
42516131;Pomonavägen 5;Älmhult;Heat, Return temp;60928;ELV;12002916;CMi2110;0727276077;NULL;NULL;OK;OK
42516402;Spångatan 6;Älmhult;Heat, Return temp;96339;LUG;6019242;CMi2110;07190000475410;NULL;NULL;OK;OK
42516548;Drivågatan 11;Älmhult;Heat, Return temp;69787;ELV;12011171;CMi2110;0722407676;NULL;NULL;OK;OK
42520296;Systergatan 3;Älmhult;Heat, Return temp;60563;ELV;12003369;CMi2110;0727279401;NULL;NULL;OK;OK
42520572;Spångatan 2;Älmhult;Heat, Return temp;69497;ELV;12011263;CMi2110;0037283351033;NULL;NULL;OK;OK
42520573;Terminalgatan 1;Älmhult;Heat, Return temp;13115;SVM;6003701;CMe2100;0722072334;NULL;NULL;OK;OK
42520577;Maskrosvägen 6;Älmhult;Heat, Return temp;68294;ELV;12009216;CMi2110;07190000240032;NULL;NULL;OK;OK
42520578;Maskrosvägen 4;Älmhult;Heat, Return temp;68272;ELV;12009252;CMi2110;07190000240019;NULL;NULL;OK;OK
42520579;Primulavägen 6;Älmhult;Heat, Return temp;70403;ELV;12012901;CMi2110;0725253026;NULL;NULL;OK;OK
42520725;Spångatan 1;Älmhult;Heat, Return temp;69393;ELV;12011242;CMi2110;0722421984;NULL;NULL;OK;OK
42520743;Primulavägen 8;Älmhult;Heat, Return temp;60842;ELV;12002898;CMi2110;0727276038;NULL;NULL;OK;OK
42520744;Primulavägen 4;Älmhult;Heat, Return temp;68073;ELV;12011678;CMi2110;07190000240620;NULL;NULL;OK;OK
42520745;Primulavägen 2;Älmhult;Heat, Return temp;60547;ELV;12003395;CMi2110;0722027993;NULL;NULL;OK;OK
42520790;Maskrosvägen 2;Älmhult;Heat, Return temp;62471;ELV;12003805;CMi2110;0727292760;NULL;NULL;OK;OK
42521158;Paradisvägen 2;Älmhult;Heat, Return temp;60705;ELV;12003680;CMi2110;0727280114;NULL;NULL;OK;OK
42521367;Paradisvägen 11;Älmhult;Heat, Return temp;68532;ELV;12011578;CMi2110;07190000240525;NULL;NULL;OK;OK
42523156;Violgatan 4;Älmhult;Heat, Return temp;60833;ELV;12010215;CMi2110;0727277814;NULL;NULL;OK;OK
42523239;Vinbärsvägen 2;Älmhult;Heat, Return temp;68077;ELV;12011867;CMi2110;07190000240682;NULL;NULL;OK;OK
42523243;Aromavägen 1;Älmhult;Heat, Return temp;60623;ELV;12003272;CMi2110;0727277783;NULL;NULL;OK;OK
42523246;Plommonvägen 6;Älmhult;Heat, Return temp;88463;ELV;12030146;CMi2110;07190000354280;NULL;NULL;OK;OK
42523266;Violgatan 6;Älmhult;Heat, Return temp;68082;ELV;12011857;CMi2110;07190000240662;NULL;NULL;OK;OK
42523769;Spångatan 15;Älmhult;Heat, Return temp;68314;ELV;12009698;CMi2110;07190000240194;NULL;NULL;OK;OK
42526743;Plommonvägen 5;Älmhult;Heat, Return temp;68474;ELV;12010198;CMi2110;07190000240250;NULL;NULL;OK;OK
42529657;Spångatan 7;Älmhult;Heat, Return temp;96334;ELV;12011282;CMi2110;0722099226;NULL;NULL;OK;OK
42530181;Stallgatan 1;Älmhult;Heat, Return temp;68674;ELV;12009992;CMi2110;07190000240079;NULL;NULL;OK;OK
42530618;Danska vägen 7;Älmhult;Heat, Return temp;68606;ELV;12011605;CMi2110;07190000240526;NULL;NULL;OK;OK
42532522;Spångatan 4;Älmhult;Heat, Return temp;73856;ELV;12011333;CMi2110;0725433274;NULL;NULL;OK;OK
42532893;Teknikgatan;Älmhult;Heat, Return temp;73903;ELV;12011290;CMi2110;0725214936;NULL;NULL;OK;OK
42534735;Plommonvägen 4;Älmhult;Heat, Return temp;68284;ELV;12009262;CMi2110;0037283351032;NULL;NULL;OK;OK
42535815;Fredsgatan 2;Älmhult;Heat, Return temp;68546;ELV;12009724;CMi2110;07190000240265;NULL;NULL;OK;OK
42535816;Skånevägen 6;Älmhult;Heat, Return temp;68535;ELV;12009425;CMi2110;07190000240070;NULL;NULL;OK;OK
42535826;Wallingatan 11;Älmhult;Heat, Return temp;68410;ELV;12010004;CMi2110;07190000240158;NULL;NULL;OK;OK
42535827;Wallingatan 15;Älmhult;Heat, Return temp;68537;ELV;12011648;CMi2110;07190000240598;NULL;NULL;OK;OK
42535828;Södra Ringvägen 111;Älmhult;Heat, Return temp;73822;ELV;12011293;CMi2110;0725215195;NULL;NULL;OK;OK
42535829;Odengatan 4;Älmhult;Heat, Return temp;68363;ELV;12009708;CMi2110;07190000240200;NULL;NULL;OK;OK
42538392;Mosstigen 8;Älmhult;Heat, Return temp;60730;ELV;12003654;CMi2110;0727279875;NULL;NULL;OK;OK
42538397;Mosstigen 12;Älmhult;Heat, Return temp;68387;ELV;12009719;CMi2110;07190000240268;NULL;NULL;OK;OK
42538486;Mosstigen 7;Älmhult;Heat, Return temp;60661;ELV;12003622;CMi2110;0727280082;NULL;NULL;OK;OK
42541626;Pilgatan 7;Älmhult;Heat, Return temp;68503;ELV;12010424;CMi2110;07190000240309;NULL;NULL;OK;OK
42541699;Fredsgatan 8;Älmhult;Heat, Return temp;68331;ELV;12010199;CMi2110;07190000240204;NULL;NULL;OK;OK
42541714;Fredsgatan 13;Älmhult;Heat, Return temp;68265;ELV;12009235;CMi2110;07190000240041;NULL;NULL;OK;OK
42541718;Wallingatan 21;Älmhult;Heat, Return temp;68616;ELV;12009205;CMi2110;07190000240073;NULL;NULL;OK;OK
42541719;Wallingatan 6;Älmhult;Heat, Return temp;68346;ELV;12009688;CMi2110;07190000240189;NULL;NULL;OK;OK
42541774;Fredsgatan 11;Älmhult;Heat, Return temp;68299;ELV;12010200;CMi2110;07190000240226;NULL;NULL;OK;OK
42541796;Wallingatan 9;Älmhult;Heat, Return temp;68404;ELV;12010033;CMi2110;07190000240163;NULL;NULL;OK;OK
42541894;Skånevägen 10;Älmhult;Heat, Return temp;68422;ELV;12009760;CMi2110;07190000240198;NULL;NULL;OK;OK
42541969;Skånevägen 1B;Älmhult;Heat, Return temp;68680;ELV;12011265;CMi2110;0722386124;NULL;NULL;OK;OK
42541971;Fredsgatan 6;Älmhult;Heat, Return temp;68421;ELV;12010155;CMi2110;07190000240231;NULL;NULL;OK;OK
42541973;Wallingatan 19;Älmhult;Heat, Return temp;68539;ELV;12011656;CMi2110;07190000240602;NULL;NULL;OK;OK
42542070;Wallingatan 13;Älmhult;Heat, Return temp;68599;ELV;12043034;CMi2110;07190000240102;NULL;NULL;OK;OK
42542076;Skånevägen 1;Älmhult;Heat, Return temp;68405;ELV;12009740;CMi2110;07190000240180;NULL;NULL;OK;OK
42542160;Wallingatan 17;Älmhult;Heat, Return temp;68520;ELV;12009729;CMi2110;07190000240281;NULL;NULL;OK;OK
42542844;Odengatan 1;Älmhult;Heat, Return temp;68255;ELV;12009265;CMi2110;07190000240042;NULL;NULL;OK;OK
42542891;Wallingatan 8;Älmhult;Heat, Return temp;68416;ELV;12009658;CMi2110;07190000240170;NULL;NULL;OK;OK
42542953;Västra Gölshultsvägen 4;Älmhult;Heat, Return temp;68508;ELV;12010190;CMi2110;07190000240273;NULL;NULL;OK;OK
42542954;Odengatan 6;Älmhult;Heat, Return temp;68527;ELV;12031787;CMi2110;07190000240619;NULL;NULL;OK;OK
42542956;Odengatan 3;Älmhult;Heat, Return temp;68319;ELV;12009657;CMi2110;07190000240209;NULL;NULL;OK;OK
42545940;Storgatan 13;Älmhult;Heat, Return temp;68324;ELV;12009727;CMi2110;07190000240178;NULL;NULL;OK;OK
42545942;Maskrosvägen 13;Älmhult;Heat, Return temp;60845;ELV;12003065;CMi2110;0722323830;NULL;NULL;OK;OK
42545943;Konvaljvägen 12;Älmhult;Heat, Return temp;60662;ELV;12003586;CMi2110;0727279995;NULL;NULL;OK;OK
42546308;Wallingatan 26;Älmhult;Heat, Return temp;68631;ELV;12010057;CMi2110;07190000240147;NULL;NULL;OK;OK
42547143;Odengatan 2;Älmhult;Heat, Return temp;70420;ELV;12014185;CMi2110;0725254557;NULL;NULL;OK;OK
42549836;Wallingatan 18;Älmhult;Heat, Return temp;68320;ELV;12009198;CMi2110;07190000240012;NULL;NULL;OK;OK
42552301;Silverdalsgatan 4;Älmhult;Heat, Return temp;60625;ELV;12003219;CMi2110;0727278492;NULL;NULL;OK;OK
42552368;Västra Björkgatan 10;Älmhult;Heat, Return temp;68518;ELV;12010063;CMi2110;07190000240288;NULL;NULL;OK;OK
42554557;Torsgatan 14;Älmhult;Heat, Return temp;68686;ELV;12011701;CMi2110;07190000240757;NULL;NULL;OK;OK
42556951;Pomonavägen 4;Älmhult;Heat, Return temp;60848;ELV;12002763;CMi2110;0727275877;NULL;NULL;OK;OK
42559489;Storgatan 1;Älmhult;Heat, Return temp;60664;ELV;12003698;CMi2110;0727279903;NULL;NULL;OK;OK
42560482;Solrosvägen 3;Älmhult;Heat, Return temp;60666;ELV;12003458;CMi2110;0727280083;NULL;NULL;OK;OK
42560585;Maskrosvägen 3;Älmhult;Heat, Return temp;62479;ELV;12003759;CMi2110;0727292419;NULL;NULL;OK;OK
42561459;Konvaljvägen 11;Älmhult;Heat, Return temp;60843;ELV;12002861;CMi2110;0727276167;NULL;NULL;OK;OK
42561669;Maskrosvägen 8;Älmhult;Heat, Return temp;43294;LUG;6003758;CMe2100;0722004219;NULL;NULL;OK;OK
42561753;Konvaljvägen 13;Älmhult;Heat, Return temp;68156;ELV;12011653;CMi2110;07190000240608;NULL;NULL;OK;OK
42561852;Konvaljvägen 22;Älmhult;Heat, Return temp;60549;ELV;12003429;CMi2110;0722106989;NULL;NULL;OK;OK
42561855;Konvaljvägen 20;Älmhult;Heat, Return temp;60639;ELV;12003597;CMi2110;0727280103;NULL;NULL;OK;OK
42561942;Konvaljvägen 17;Älmhult;Heat, Return temp;60548;ELV;12003399;CMi2110;0722029564;NULL;NULL;OK;OK
42561945;Konvaljvägen 15;Älmhult;Heat, Return temp;60523;ELV;12003374;CMi2110;0727279462;NULL;NULL;OK;OK
42561948;Primulavägen 7;Älmhult;Heat, Return temp;68483;ELV;12009084;CMi2110;07190000240303;NULL;NULL;OK;OK
42561949;Primulavägen 5;Älmhult;Heat, Return temp;68510;ELV;12010308;CMi2110;07190000240308;NULL;NULL;OK;OK
42561950;Konvaljvägen 19;Älmhult;Heat, Return temp;68552;ELV;12009723;CMi2110;07190000240278;NULL;NULL;OK;OK
42561951;Konvaljvägen 21;Älmhult;Heat, Return temp;60543;ELV;12003427;CMi2110;0722050837;NULL;NULL;OK;OK
42561952;Konvaljvägen 2;Älmhult;Heat, Return temp;68570;ELV;12009295;CMi2110;07190000240018;NULL;NULL;OK;OK
42561953;Konvaljvägen 5;Älmhult;Heat, Return temp;68464;ELV;12009700;CMi2110;07190000240239;NULL;NULL;OK;OK
42561954;Konvaljvägen 7;Älmhult;Heat, Return temp;68466;ELV;12006112;CMi2110;07190000240242;NULL;NULL;OK;OK
42561960;Konvaljvägen 10;Älmhult;Heat, Return temp;60658;ELV;12003592;CMi2110;0727280177;NULL;NULL;OK;OK
42561961;Primulavägen 3;Älmhult;Heat, Return temp;68664;ELV;12010204;CMi2110;07190000240277;NULL;NULL;OK;OK
42561977;Konvaljvägen 3;Älmhult;Heat, Return temp;68489;ELV;12009739;CMi2110;07190000240235;NULL;NULL;OK;OK
42562003;Konvaljvägen 6;Älmhult;Heat, Return temp;60866;ELV;12002988;CMi2110;0727275990;NULL;NULL;OK;OK
42562006;Primulavägen 11;Älmhult;Heat, Return temp;68558;ELV;12009691;CMi2110;07190000240243;NULL;NULL;OK;OK
42562007;Primulavägen 9;Älmhult;Heat, Return temp;68470;ELV;12030811;CMi2110;07190000490129;NULL;NULL;OK;OK
42562060;Maskrosvägen 11;Älmhult;Heat, Return temp;60665;ELV;12003595;CMi2110;0727279921;NULL;NULL;OK;OK
42562061;Konvaljvägen 18;Älmhult;Heat, Return temp;60669;ELV;12003602;CMi2110;0727280067;NULL;NULL;OK;OK
42562172;Konvaljvägen 9;Älmhult;Heat, Return temp;60642;ELV;12003599;CMi2110;0727280062;NULL;NULL;OK;OK
42562179;Storgatan 15;Älmhult;Heat, Return temp;68329;ELV;12009713;CMi2110;07190000240228;NULL;NULL;OK;OK
42565751;Wallingatan 12;Älmhult;Heat, Return temp;68435;ELV;12009229;CMi2110;07190000240004;NULL;NULL;OK;OK
42566946;Skånevägen 17;Älmhult;Heat, Return temp;68322;ELV;12009731;CMi2110;07190000240207;NULL;NULL;OK;OK
42568606;Wallingatan 14;Älmhult;Heat, Return temp;68560;ELV;12011669;CMi2110;07190000240601;NULL;NULL;OK;OK
42569642;Ö. Esplanaden 9/Torngatan;Älmhult;Heat, Return temp;62503;ELV;12003961;CMi2110;0727294851;NULL;NULL;OK;OK
42573762;Plommonvägen 8;Älmhult;Heat, Return temp;68281;ELV;12009203;CMi2110;07190000240033;NULL;NULL;OK;OK
42573809;Finngatan 4;Älmhult;Heat, Return temp;68516;ELV;12010253;CMi2110;07190000240314;NULL;NULL;OK;OK
42574031;Västra Gölshultsvägen 8;Älmhult;Heat, Return temp;68300;ELV;12009754;CMi2110;07190000240208;NULL;NULL;OK;OK
42582237;Skånevägen 16;Älmhult;Heat, Return temp;69430;ELV;12011165;CMi2110;0722293016;NULL;NULL;OK;OK
42583954;Paradisvägen 15;Älmhult;Heat, Return temp;60546;ELV;12003420;CMi2110;0722079135;NULL;NULL;OK;OK
42584061;Wallingatan 32;Älmhult;Heat, Return temp;68545;ELV;12008948;CMi2110;07190000240292;NULL;NULL;OK;OK
42590694;Fredsgatan 1;Älmhult;Heat, Return temp;68424;ELV;12009709;CMi2110;07190000240195;NULL;NULL;OK;OK
42590839;Päronvägen 7;Älmhult;Heat, Return temp;68504;ELV;12010354;CMi2110;07190000240293;NULL;NULL;OK;OK
42590840;Skånevägen 4;Älmhult;Heat, Return temp;68436;ELV;12010127;CMi2110;07190000240157;NULL;NULL;OK;OK
42591431;Västra Björkgatan 11;Älmhult;Heat, Return temp;68460;ELV;12009699;CMi2110;07190000240187;NULL;NULL;OK;OK
42592019;Södra Ringvägen 4;Älmhult;Heat, Return temp;69500;ELV;12011359;CMi2110;0722289294;NULL;NULL;OK;OK
42593307;Sunnerbogatan 27;Älmhult;Heat, Return temp;60890;ELV;12003063;CMi2110;0722298806;NULL;NULL;OK;OK
42593570;Vintervägen 20;Älmhult;Heat, Return temp;68398;ELV;12010195;CMi2110;07190000240166;NULL;NULL;OK;OK
42593597;Pilgatan 2;Älmhult;Heat, Return temp;68650;ELV;12010007;CMi2110;07190000240115;NULL;NULL;OK;OK
42595051;Finngatan 6;Älmhult;Heat, Return temp;68390;ELV;12009745;CMi2110;07190000240285;NULL;NULL;OK;OK
42597097;Stålgatan 2;Älmhult;Heat, Return temp;69429;ELV;12011301;CMi2110;0722419561;NULL;NULL;OK;OK
42603091;Klöxhultsvägen 23;Älmhult;Heat, Return temp;68360;ELV;12010388;CMi2110;07190000240353;NULL;NULL;OK;OK
42603179;Delaryvägen 6;Älmhult;Heat, Return temp;68142;ELV;12011836;CMi2110;07190000240668;NULL;NULL;OK;OK
42605034;Vinbärsvägen 4;Älmhult;Heat, Return temp;68290;ELV;12009430;CMi2110;07190000240063;NULL;NULL;OK;OK
42605229;Plommonvägen 1;Älmhult;Heat, Return temp;68293;ELV;12009315;CMi2110;07190000240045;NULL;NULL;OK;OK
42614683;Stålgatan 4;Älmhult;Heat, Return temp;69412;ELV;12011177;CMi2110;0722244970;NULL;NULL;OK;OK
42658504;Bäckgatan 28;Älmhult;Heat, Return temp;49929;KAM;6008836;CMe2100;0722038435;NULL;NULL;OK;OK
42658633;Vintervägen 20;Älmhult;Heat, Return temp;68347;ELV;12009212;CMi2110;07190000240186;NULL;NULL;OK;OK
42658708;Pilgatan 2;Älmhult;Heat, Return temp;49943;KAM;6003575;CMe2100;0722068682;NULL;NULL;OK;OK
42662183;Solrosvägen 4;Älmhult;Heat, Return temp;60641;ELV;12003587;CMi2110;0727279982;NULL;NULL;OK;OK
42665125;Skolgatan 6;Älmhult;Heat, Return temp;83953;ELV;12025592;CMi2110;07190000329212;NULL;NULL;OK;OK
42671477;Källargatan 22;Älmhult;Heat, Return temp;68654;ELV;12010009;CMi2110;07190000240123;NULL;NULL;OK;OK
42674726;Pomonavägen 1;Älmhult;Heat, Return temp;60774;ELV;12002905;CMi2110;0727275975;NULL;NULL;OK;OK
42674835;Paradisvägen 8;Älmhult;Heat, Return temp;68420;ELV;12010105;CMi2110;07190000240155;NULL;NULL;OK;OK
42678662;Solrosvägen 1;Älmhult;Heat, Return temp;60525;ELV;12003375;CMi2110;0727279376;NULL;NULL;OK;OK
42769711;Astrakanvägen 1;Älmhult;Heat, Return temp;57046;ELV;12001248;CMi2110;0761019750;NULL;NULL;OK;OK
42754951;Baldersgatan 22;Älmhult;Heat, Return temp;60477;ELV;12002548;CMi2110;0727265068;NULL;NULL;OK;OK
42770184;Hantverksgatan 28;Älmhult;Heat, Return temp;62542;ELV;12003999;CMi2110;0727294906;NULL;NULL;OK;OK
42780759;Baldersgatan 12;Älmhult;Heat, Return temp;60929;ELV;12002862;CMi2110;0727276130;NULL;NULL;OK;OK
42767942;Radhusvägen 10;Älmhult;Heat, Return temp;60931;ELV;12002765;CMi2110;0727275881;NULL;NULL;OK;OK
42675858;Gamla Slätthultsvägen 4;Älmhult;Heat, Return temp;60924;ELV;12002742;CMi2110;0727262670;NULL;NULL;OK;OK
42785042;Rosengatan 9;Älmhult;Heat, Return temp;60464;ELV;12002596;CMi2110;0727265038;NULL;NULL;OK;OK
42768563;Baldersgatan 4;Älmhult;Heat, Return temp;60941;ELV;12002772;CMi2110;0727275839;NULL;NULL;OK;OK
42691582;Stallgatan;Älmhult;Heat, Return temp;60610;ELV;12003359;CMi2110;0727279463;NULL;NULL;OK;OK
42691123;Stallgatan Texo Maskinverkstad;Älmhult;Heat, Return temp;47094;ELV;6003574;CMe2100;0722069433;NULL;NULL;OK;OK
42680001;Stallgatan Texo, Gjuteriet;Älmhult;Heat, Return temp;9821;ELV;6003158;CMe2100;0722005585;NULL;NULL;OK;OK
42760646;Sunnerbogatan 15;Älmhult;Heat, Return temp;60517;ELV;12002599;CMi2110;0727265075;NULL;NULL;OK;OK
42665750;Södra Ringvägen 2;Älmhult;Heat, Return temp;60706;ELV;12003677;CMi2110;0727279420;NULL;NULL;OK;OK
42723697;Gamla Slätthultsvägen 6;Älmhult;Heat, Return temp;60721;ELV;12003708;CMi2110;0727279851;NULL;NULL;OK;OK
42753585;Skolgatan 9;Älmhult;Heat, Return temp;60725;ELV;12003495;CMi2110;0727280113;NULL;NULL;OK;OK
42428521;Vintervägen 20;Älmhult;Heat, Return temp;68402;ELV;12009673;CMi2110;07190000240229;NULL;NULL;OK;OK
42804037;Östra esplanaden 20;Älmhult;Heat, Return temp;69761;ELV;12011942;CMi2110;0722068195;NULL;NULL;OK;OK
42769557;Lönngatan 2;Älmhult;Heat, Return temp;60742;ELV;12003645;CMi2110;0722299965;NULL;NULL;OK;OK
41934309;Eriksgatan 12;Älmhult;Heat, Return temp;75380;ELV;12006358;CMi2110;0722214789;NULL;NULL;OK;OK
42788898;IKEA Nya Varuhuset;Älmhult;Heat, Return temp;69494;ELV;12011261;CMi2110;0725215349;NULL;NULL;OK;OK
42809617;Eriksgatan 30-32;Älmhult;Heat, Return temp;75297;ELV;12005282;CMi2110;0722138123;NULL;NULL;OK;OK
42798713;STENA;Älmhult;Heat, Return temp;69564;ELV;12011308;CMi2110;0725215169;NULL;NULL;OK;OK
42830690;Södra Esplanaden 36;Älmhult;Heat, Return temp;70347;ELV;12012659;CMi2110;0725254287;NULL;NULL;OK;OK
42852726;Furugatan 3;Älmhult;Heat, Return temp;68096;ELV;12011853;CMi2110;07190000240663;NULL;NULL;OK;OK
42782892;Bäckgatan 15;Älmhult;Heat, Return temp;54399;LUG;6025251;CMi2110;0725316851;NULL;NULL;OK;OK
42820006;Elmiersväg 1357;Älmhult;Heat, Return temp;70396;ELV;12012675;CMi2110;0725253138;NULL;NULL;OK;OK
42768129;Baldersgatan 24;Älmhult;Heat, Return temp;70414;ELV;12014225;CMi2110;0725254446;NULL;NULL;OK;OK
42788602;IKEA FYNDA;Älmhult;Heat, Return temp;60723;ELV;12003610;CMi2110;0727280127;NULL;NULL;OK;OK
42821153;Kungsgatan 18;Älmhult;Heat, Return temp;68618;ELV;12010040;CMi2110;07190000240142;NULL;NULL;OK;OK
42871926;Västra Björkgatan 16;Älmhult;Heat, Return temp;70358;ELV;12014235;CMi2110;0725254246;NULL;NULL;OK;OK
42747563;Norra Klöxhultsvägen 3;Älmhult;Heat, Return temp;69378;ELV;12011148;CMi2110;07190000378647;NULL;NULL;OK;OK
42874123;IKEA Fastigheter AB;Älmhult;Heat, Return temp;69496;ELV;12011342;CMi2110;07190000315815;NULL;NULL;OK;OK
42872556;Baldersgatan 7;Älmhult;Heat, Return temp;79553;ELV;12021112;CMi2110;07190000315755;NULL;NULL;OK;OK
42879615;"Ängsgatan 2 ";Älmhult;Heat, Return temp;79547;ELV;12021126;CMi2110;07190000321854;NULL;NULL;OK;OK
42893802;Torngatan, plåtslagaren 6;Älmhult;Heat, Return temp;69386;ELV;12011151;CMi2110;07190000315687;NULL;NULL;OK;OK
42882267;"""Willys"" Kano Reatil Centres";Älmhult;Heat, Return temp;69521;ELV;12011335;CMi2110;07190000475401;NULL;NULL;OK;OK
42631460;Gamla Slätthultsvägen 3;Älmhult;Heat, Return temp;90045;ELV;12032804;CMi2110;07190000495301;NULL;NULL;OK;OK
42618989;Stena Fragmentering;Älmhult;Heat, Return temp;67059499;LUG;6009290;CMe2100;07190000314862;NULL;NULL;OK;OK
42842817;Norra Torgatan 7;Älmhult;Heat, Return temp;69383;ELV;12011179;CMi2110;"07190000353834 ";NULL;NULL;OK;OK
42898757;Brogatan 14;Älmhult;Heat, Return temp;56918;ELV;12001538;CMi2110;07190000475405;NULL;NULL;OK;OK
42917293;Baldersgatan 26;Älmhult;Heat, Return temp;88603;ELV;12029947;CMi2110;07190000353975;NULL;NULL;OK;OK
42910632;"Bäckgatan ";Älmhult;Heat, Return temp;89104;ELV;12030602;CMi2110;07190000353894;NULL;NULL;OK;OK
42894909;"Skånevägen 18, ";Älmhult;Heat, Return temp;79692;ELV;12030544;CMi2110;07190000475400;NULL;NULL;OK;OK
42918257;Frodegatan 5;Älmhult;Heat, Return temp;90309;ELV;12032958;CMi2110;07190000495664;NULL;NULL;OK;OK
42909046;Oxtorget;Älmhult;Heat, Return temp;88441;ELV;12030552;CMi2110;+37283021459;NULL;NULL;OK;OK
42468990;Sälgstigen 1;Älmhult;Heat, Return temp;90321;ELV;12032986;CMi2110;07190000495636;NULL;NULL;OK;OK
42928490;Karl Oskar Skola;Älmhult;Heat, Return temp;90338;ELV;12032966;CMi2110;07190000495678;NULL;NULL;OK;OK
42918638;Handelsvägen 12 A;Älmhult;Heat, Return temp;75302;ELV;12024814;CMi2110;07190000281071;NULL;NULL;OK;OK
42936354;Östergatan 14;Älmhult;Heat, Return temp;88725;ELV;12030337;CMi2110;07190000353646;NULL;NULL;OK;OK
42954989;Gärdesgatan 2;Älmhult;Heat, Return temp;60570;ELV;12003372;CMi2110;07190000523202;NULL;NULL;OK;OK
42946485;Ikano Retail, Köpmannen 2, 42946485;Älmhult;Heat, Return temp;89756;ELV;12032729;CMi2110;07190000495239;NULL;NULL;OK;OK
42956879;Sibylla;Älmhult;Heat, Return temp;62095;ELV;12004509;CMi2110;07190000475010;NULL;NULL;OK;OK
42947020;Dalgatan 11;Älmhult;Heat, Return temp;90359;ELV;12032072;CMi2110;07190000495090;NULL;NULL;OK;OK
42946133;Radhusvägen 20;Älmhult;Heat, Return temp;90310;ELV;12032962;CMi2110;07190000495676;NULL;NULL;OK;OK
42938178;Baldersgatan 14;Älmhult;Heat, Return temp;90345;ELV;12032071;CMi2110;07190000495091;NULL;NULL;OK;OK
42964290;Älmhults Kommun;"Älmhult";Heat, Return temp;87321;ELV;12028505;CMi2110;07190000345104;NULL;NULL;OK;OK
42947717;Drivågatan;Älmhult;Heat, Return temp;98571;ELV;12031782;CMi2110;07190000475003;NULL;NULL;OK;OK
42964789;Ikeagatan 1;Älmhult;Heat, Return temp;69779;ELV;12054709;CMi2110;07190000476404;NULL;NULL;OK;OK
42973803;"Målarvägen ";Älmhult;Heat, Return temp;76897;ELV;12018113;CMi2110;07190000317287;NULL;NULL;OK;OK
42986489;Eme Spreader;Älmhult;Heat, Return temp;64488;ELV;12005742;CMi2110;0037283014212;NULL;NULL;OK;OK
43003129;Vallgatan 10;Älmhult;Heat, Return temp;100866;ELV;12048595;CMi2110;0037282164453;NULL;NULL;OK;OK
42970947;Målarevägen/Muraregränd 1;Älmhult;Heat, Return temp;105501;ELV;12055229;CMi2110;0037283187100;NULL;NULL;OK;OK
42854896;Södra Esplanaden 44;Älmhult;Heat, Return temp;88575;ELV;12030692;CMi2110;0037283021603;NULL;NULL;OK;OK
43017324;Radhusvägen 11;Älmhult;Heat, Return temp;100836;ELV;12048679;CMi2110;0037282164007;NULL;NULL;OK;OK
43018596;Radhusvägen 9;Älmhult;Heat, Return temp;100853;ELV;12048635;CMi2110;0037282164609;NULL;NULL;OK;OK
42020042;Delaryvägen 10;Älmhult;Heat, Return temp;100892;ELV;12048631;CMi2110;0037282164605;NULL;NULL;OK;OK
43021291;Delaryvägen 22;Älmhult;Heat, Return temp;100881;ELV;12048594;CMi2110;0037282164495;NULL;NULL;OK;OK
43035069;Murargränd 27;Älmhult;Heat, Return temp;105475;ELV;12055220;CMi2110;0037283147875;NULL;NULL;OK;OK
43035246;Murargränd 25;Älmhult;Heat, Return temp;105485;ELV;12055331;CMi2110;0037283021658;NULL;NULL;OK;OK
43035498;Murargränd 23;Älmhult;Heat, Return temp;100844;ELV;12048636;CMi2110;0037282164610;NULL;NULL;OK;OK
43030948;Haga Park Hotell;Älmhult;Heat, Return temp;100768;ELV;12048677;CMi2110;0037282164005;NULL;NULL;OK;OK
43040914;Wallingatan 16;Älmhult;Heat, Return temp;100837;ELV;12048678;CMi2110;0037282164006;NULL;NULL;OK;OK
43046242;Skånevägen 1A;Älmhult;Heat, Return temp;108854;ELV;12100113;CMi2110;0037283535235;NULL;NULL;OK;OK
43042353;Hyacintvägen 8;"Älmhult";Heat, Return temp;108840;ELV;12100053;CMi2110;0037283535233;NULL;NULL;OK;OK
